company,fy,period,segment_std,summary,source_file,source_page
LGES,2025,1Q,전사,"매출: 북미 및 EV 신모델향 출하는 견조하였으나, 전반적인 OEM들의 보수적 재고 정책 기조 지속으로 전분기대비 매출 소폭 하락. 영업이익: 재료비 감축, 비용 효율화를 통한 원가 절감 노력에 더해 전분기 반영된 일회성 요인 소거로 375십억원 흑자 및 20% EBITDA Margin 기록.",251Q_LGES_business_performance_KOR.pdf,5
LGES,2025,2Q,전사,"매출: 북미지역의 안정적인 EV향 판매와 ESS Site 신규 양산에도, 정책 변동에 따른 전반적인 구매심리 위축과 메탈가 하락에 따른 판가 반영으로 매출은 전분기 대비 감소. 영업이익: 북미 생산비중 확대에 따른 제품 Mix 개선효과에 더해 전사 비용 효율화 및 재료비율 개선으로 북미 생산 인센티브 제외 영업이익도 흑자 전환.",252Q_LGES_business_performance_KOR.pdf,5
LGES,2025,3Q,전사,"매출: 미국 전기차 구매보조금 종료 등으로 EV향 파우치 수요는 약세였으나, 미시간 Site ESS 생산 및 원통형 고객사 신차 출시 효과, IT 신규 모델향 출하 대응으로 매출은 전분기 대비 소폭 증가. 영업이익: 미국 ESS 생산물량 증가, 소형 신제품 양산효과, 전사 Cost 절감 지속으로, 북미 생산 보조금 감소에도 불구하고 이를 제외한 영업이익은 2,358억원으로 전분기 대비 상당폭 개선.",25_3Q_LGES_business_performance_KOR.pdf,5
LGES,2025,4Q,전사,"매출: 미국 전기차 구매보조금 종료 영향 본격화 및 고객사 연말 재고 감축으로 EV 파우치 매출은 감소했으나, 북미 ESS 판매 물량 증가에 따른 큰 폭의 매출 성장과 전략 거래선의 견조한 EV 원통형 수요로 전분기 대비 +8% 증가. 영업이익: 비용 감축 노력에도 북미 거래선 EV 판매 둔화에 따른 제품 Mix 악화, ESS Line 추가 가동 초기 비용 부담으로 영업손실 -1,220억원 기록. 북미 생산 보조금은 EV 물량 감소로 전분기 대비 감소한 3,328억원.",25_4Q_LGES_business_performance_F_KR.pdf,6
LGES,2025,연간,전사,"선제적인 북미 LFP Capa 확대로 견조한 ESS 매출 성장이 있었으나 주요 고객사 전기차 판매 둔화로 전사 매출은 감소. 수익성 중심 제품 Mix 운영, 염가 소재 발굴 등 재료비율 개선, 안정적 북미 판매로 보조금 확대되며 전년대비 수익성 개선. 재고 감축 및 생산현지화 기반 SCM 개선으로 운전자본 효율성 제고. 원통형 46시리즈 300GWh 이상, ESS 140GWh 수주잔고 확보.",25_4Q_LGES_business_performance_F_KR.pdf,5
LGES,2026,1Q,전사,"매출: 북미 주요 고객사 재고 조정으로 EV향 파우치 물량은 감소했으나 안정적 EV향 원통형 출하와 북미 ESS Capa 확장을 통한 고객 수요 대응으로 전분기 대비 매출 소폭 증가. 북미 생산 보조금은 ESS 생산 확대에도 EV 물량 감소로 1,898억원 기록. 영업이익: 원통형/ESS 출하 확대 및 지속적 원가 절감에도, ESS 생산거점 확대에 따른 초기 Ramp-up 비용 부담과 북미 EV 파우치 물량 감소에 따른 제품 Mix 악화로 적자 기록.",26_1Q_LGES_business_performance_F_KR.pdf,5
SK온,2025,1Q,배터리합계,전기차 시장 불확실성에도 불구 미국 중심의 Global 판매량 증가로 영업손익 개선(영업손실 축소: -359.4→-299.3십억원). 2Q 전망: 美 관세 정책發 시장 둔화 우려에도 북미 현대차向 판매량 증가로 성장 기대,SK이노베이션_실적발표_1Q25 국문_F.pdf,13
SK온,2025,2Q,배터리합계,"북미 공장 가동률 확대 등을 통해 美 수요 증가에 적시 대응, SK온 통합법인(합병법인 기준) 흑자 전환(60.9십억원). 배터리사업(연결) 기준도 적자폭 대폭 축소(-299.3→-66.4십억원). 3Q 전망: 美 정책 영향 불확실성 및 신규 SOP(양산개시) 초기 부담 우려",SK이노베이션_실적발표_2Q25 국문_F.pdf,13
SK온,2025,3Q,배터리합계,"OEM 하계 휴가 및 美 EV 구매보조금 폐지 영향 등으로 배터리 판매량이 감소하며 영업이익 하락(합병법인 기준 60.9→17.9십억원, 배터리사업 기준 -66.4→-124.8십억원). 4Q 전망: 美 수요 부진/신규 공장 초기 비용 부담으로 실적 둔화 전망되나 ESS 사업 강화로 포트폴리오 확대 추진",SK이노베이션_실적발표_3Q25 국문.pdf,13
SK온,2025,4Q,배터리합계,"美 EV 구매보조금 폐지 영향 지속 및 유럽 물량 확대에도 불구하고 북미 배터리 판매량 감소로 영업이익 큰 폭 하락(배터리사업 기준 -124.8→-441.4십억원, 영업이익률 -6.9%→-30.3%; 합병법인 기준 17.9→-189.7십억원). ※ 배터리 사업 페이지 자체에는 자산손상 등 일회성 항목이 금액으로 명시되어 있지 않음. 다만 전사 경영실적 현황 표(p.9)에서 연결 영업외손익이 -497.0(3Q25)→-4,657.3십억원(4Q25)으로 QoQ -4,160.3십억원 악화되며 세전이익이 -4,362.6십억원으로 급락 -> 규모상 대규모 일회성(손상 등으로 추정되는) 항목이 존재하는 것으로 보이나, 본 IR자료는 이를 배터리 부문 등 사업부별로 구분/명시하지 않음(자산손상이라는 표현 자체가 자료 내 어디에도 등장하지 않음, 전사 grep 결과 0건). 회사는 '26년 전망'에서 Portfolio Rebalancing 및 SK온 북미/중국 JV 구조 재편(BlueOval SK 테네시 공장 독자운영 전환 등, capacity 127→45GWh·가동 2025→2028로 축소 기재)을 언급, 정황상 관련 가능성은 있으나 원문에 인과관계나 금액이 명시되어 있지 않아 단정하지 않음",SK이노베이션_실적발표_4Q25 국문 (1).pdf,"9,16"
SK온,2026,1Q,배터리합계,"북미 판매량 소폭 증가, 유럽/아시아 물량 일부 회복으로 전분기 대비 영업적자 감소(-440.8→-349.2십억원, 합병법인 기준 -189.7→-145.1십억원). 2Q26 전망: 유럽 현지생산 장려정책/보조금에 따른 우호적 환경, 북미 ESS 수주 확대 목표에 따른 배터리 중장기 수익성 개선 기대",SK이노베이션_실적발표_1Q26_0513_final.pdf,7
SK이노베이션,2025,1Q,"소재(SKIET, 내부거래 제거 기준)","판매 증가, 전분기 일회성 비용 기저 등 영향으로 영업손실 194억원 개선(-74.2→-54.8십억원)",SK이노베이션_실적발표_1Q25 국문_F.pdf,14
SK이노베이션,2025,2Q,"소재(SKIET, 내부거래 제거 기준)",판매 물량 확대 효과로 영업손실 11억원 축소(-54.8→-53.7십억원),SK이노베이션_실적발표_2Q25 국문_F.pdf,14
SK이노베이션,2025,3Q,"소재(SKIET, 내부거래 제거 기준)",원가절감 등 영향으로 영업손실 36억원 축소(-53.7→-50.1십억원),SK이노베이션_실적발표_3Q25 국문.pdf,14
SK이노베이션,2025,4Q,"소재(SKIET, 내부거래 제거 기준)","美 전기차 보조금 폐지에 따른 영향으로 매출 감소, 북미向 물량 감소 및 연말 재고조정에 따른 전분기 대비 매출액 감소, 영업손실 확대(-50.1→-75.2십억원)",SK이노베이션_실적발표_4Q25 국문 (1).pdf,17
SK이노베이션,2025,4Q,전사,"석유(중동/아프리카 가동량 증가 등 영향은 3Q에 이어 유가하락 효과), E&S(SMP 하락) 등 사업부는 등락이 있었으나, 전사 세전이익을 무너뜨린 핵심 요인은 영업외손익 급격한 악화(QoQ -4,160.3십억원)임. 회사는 이를 별도 항목명(예: 자산손상차손, 지분법손실 등)으로 특정해 공시하지 않았으며, '(*) 당사 일부 사업 중단 및 매각 결정에 따라 해당 사업실적 소급하여 작성' 각주만 존재. 2026년 중점 추진과제에서 SK온 중국·미국 JV 구조 재편(SKOJ 지분 100%, BlueOval SK 테네시 공장 독자운영/생산능력 127→45GWh로 축소·가동시기 2025→2028로 연기)을 언급하여 정황상 배터리 관련 대규모 조정 가능성을 시사하나, 금액과 인과관계를 원문에서 직접 확인할 수 없음",SK이노베이션_실적발표_4Q25 국문 (1).pdf,9
SK이노베이션,2026,1Q,전사,"중동발 유가 상승에 따른 일회성 재고관련이익(SK에너지)으로 영업이익 급증(295.3→2,162.2십억원). 배터리(SK온)는 소폭 개선에 그침",SK이노베이션_실적발표_1Q26_0513_final.pdf,7
삼성SDI,2025,1Q,배터리합계,전기차 및 전동공구 고객 재고조정 영향과 ESS 계절적 비수기 요인으로 매출 감소. 가동률 하락·고정비 증가 부담으로 수익성 악화.,2025.1Q_IR_Final_K.pdf,4
삼성SDI,2025,1Q,전자재료,OLED 소재 중심 수요 개선으로 매출 소폭 증가 및 수익성 개선.,2025.1Q_IR_Final_K.pdf,4
삼성SDI,2025,2Q,배터리합계,"매출은 전동공구용 및 AI 성장에 따른 ESS/BBU용 확판에도 불구, 전기차용 주요고객의 수요 둔화로 전분기 동등 수준 기록. 영업이익은 미주향 ESS 관세 영향과 전기차 주요 고객 보상 지연이 있었으나, 소형 배터리가 큰 폭으로 적자 축소하며 전분기 대비 소폭 개선.",2025.2Q_IR_Final_Kr.pdf,4
삼성SDI,2025,2Q,전자재료,"주요 고객 신규 스마트폰향 OLED 소재 판매 확대, 반도체 Wafer 생산 증가 영향 등으로 매출 증가 및 수익성 개선.",2025.2Q_IR_Final_Kr.pdf,4
삼성SDI,2025,3Q,배터리합계,"매출은 전기차용 배터리 판매 둔화 등으로 전분기 대비 감소. 영업이익은 소형 적자폭 감소에도 불구, 전기차용 매출 및 AMPC 감소, ESS 관세 영향 등으로 전분기 대비 적자폭 확대.",2025.3Q_IR_Final_Kr.pdf,4
삼성SDI,2025,3Q,전자재료,"주요 고객 신규 스마트폰향 OLED 소재, AI 서버향 반도체 소재 판매 확대로 매출 증가 및 수익성 개선.",2025.3Q_IR_Final_Kr.pdf,4
삼성SDI,2025,3Q,전사,"편광필름 사업 양도 Deal Closing으로 현금 1.1조원(매각대금) 확보, 재무 안정성 제고. 이에 따른 중단사업손익 2,686억원 인식으로 당기순이익이 QoQ 기준 흑자 전환(YoY로는 감소).",2025.3Q_IR_Final_Kr.pdf,4
삼성SDI,2025,4Q,배터리합계,"ESS 사상 최대 분기 매출 및 AMPC 증가, EV 물량 감소에 대한 보상 등으로 전분기 대비 매출 증가 및 적자폭 축소.",2025.4Q_IR_Final_Kr.pdf,4
삼성SDI,2025,4Q,전자재료,전분기와 유사한 실적 기록.,2025.4Q_IR_Final_Kr.pdf,4
삼성SDI,2025,FY,배터리합계,"친환경 정책 변화, 전략 고객의 판매 부진 등에 따른 EV 판매 감소, ESS 관세 부담, 소형 수요 회복 지연 영향 등으로 전년 대비 매출 감소 및 적자 전환.",2025.4Q_IR_Final_Kr.pdf,4
삼성SDI,2025,FY,전자재료,"반도체 소재 실적 개선에도 불구, OLED 소재 판매 감소로 전년 대비 매출 및 수익성 감소.",2025.4Q_IR_Final_Kr.pdf,4
삼성SDI,2026,1Q,배터리합계,"전력용 ESS, AI Data Center향 UPS·BBU, 전동공구 등 전방 시장 수요의 뚜렷한 회복세 속 전년 동기 대비 매출 증가. 美 현지생산 ESS 판매 증가, 고부가 원형 배터리 확판 등으로 전년 동기 및 전분기 대비 영업적자 축소.",2026.1Q_IR_Final_Kr.pdf,4
삼성SDI,2026,1Q,전자재료,"전방시장 호황 속 반도체 소재 판매 견조, Flagship 스마트폰향 디스플레이 소재 판매 반등으로 전년 동기 대비 실적 개선.",2026.1Q_IR_Final_Kr.pdf,4
LGES,2026,2Q,전사,"유럽향 EV 파우치 공급 확대, 전략 고객향 원통형 수요, 북미 ESS Capa의 순차 가동으로 매출이 전분기 대비 15% 증가했다. 고수익 원통형 Mix와 유럽 가동률 개선, 북미 ESS 물량 확대에 따른 고정비 부담 완화로 영업이익이 흑자 전환했다.",26_2Q_LGES_business_performance_F_KR.pdf,5
LGES,2026,2Q,EV,북미 EV 수요 약세는 이어졌지만 유럽 고전압 미드니켈과 아시아 하이니켈 제품 물량이 전분기 대비 두 자릿수 이상 성장해 매출이 증가했다.,26_2Q_Script.pdf,1
LGES,2026,2Q,소형,"전략 고객의 신규 EV 모델 판매 호조로 2170 출하가 견조했고, 46시리즈 출하량이 전분기 대비 60% 이상 증가해 매출이 확대됐다.",26_2Q_Script.pdf,1
LGES,2026,2Q,ESS,북미 생산거점의 순차 가동과 유럽 전력망 프로젝트 출하 본격화로 매출이 전분기 대비 약 30% 성장했다. 생산 보조금은 ESS 출하 확대 영향으로 전분기 대비 27% 증가했다.,26_2Q_Script.pdf,2
삼성SDI,2026,2Q,배터리합계,"UPS·BBU·전동공구용 고출력 제품과 유럽 EV 판매 확대로 매출이 전분기와 전년 동기 대비 증가했다. 고부가 제품 확대, 미국 AMPC 증가와 관세 영향 등으로 영업이익이 흑자 전환했다.",2026.2Q_IR_Final_Kr.pdf,4
삼성SDI,2026,2Q,전자재료,반도체 소재 판매가 견조했고 Foldable 스마트폰향 필름 소재를 중심으로 매출과 수익성이 개선됐다.,2026.2Q_IR_Final_Kr.pdf,4
