report_id,date,house,scope,fy,metric,value,unit,direction,summary,source_page
2026-01-29_상상인증권_SK온,2026-01-29,상상인증권,북미ESS,2026,수요,,,1,미국의 풍부한 ESS 설치수요를 고려할 때 2026년 회사가 목표한 20GW ESS 수주잔고 확보가 일정부분 가능하다는 판단이다.,1
2026-01-29_상상인증권_SK온,2026-01-29,상상인증권,북미EV,2026,보조금축소,,,-1,미국 전기차 보조금 축소에 따른 물량 감소가 배터리 외형 축소의 주된 요인으로 작용하고 있다.,1
2026-02-26_KB증권_LGES,2026-02-26,KB증권,북미ESS,2026,설치량 성장률,,%,2,"전력망 부족을 이유로 설치량 감소를 전망했던 시장조사기관들이 2026년 미국 ESS 설치 전망치를 재차 상향했고, 실제로는 전년대비 +10~40% 성장이 나올 것으로 기대(시장 컨센서스를 상회할 가능성).",3
2026-02-26_KB증권_LGES,2026-02-26,KB증권,북미ESS,2026,UPS/BBU 시장 M/S,4,%,2,학습형 AI데이터센터 등장으로 밀리초 단위 전력 공급이 가능한 UPS(무정전)/BBU(백업) 전지 수요가 늘며 ESS 내 UPS/BBU 시장 점유율이 M/S 4%까지 빠르게 확대.,1
2026-02-26_KB증권_LGES,2026-02-26,KB증권,글로벌EV수요,2026,"EV+ESS 장기 성장률(2030~2050년, DCF 영구성장률)",4.5,%,1,장기적으로 ESS 시장이 시장 기대치를 상회할 것으로 전망해 DCF에 적용하는 EV+ESS 장기 성장률(영구성장률)을 4.4%에서 4.5%로 상향.,1
2026-03-18_미래에셋증권_LGES,2026-03-18,미래에셋증권,북미ESS,2026,생산능력,60,Gwh,2,북미 ESS 수요 증가 및 수주 확보가 가속화되는 상황을 반영해 26년 말 기준 LGES의 북미 ESS 생산능력 전망치를 47Gwh에서 60Gwh로 상향 조정했다.,1
2026-03-18_미래에셋증권_삼성SDI,2026-03-18,미래에셋증권,북미ESS,2026,성장률,,,2,26년부터 삼성SDI의 주요 성장축인 북미 ESS는 추가 수주 확보 등을 통해 견조한 성장세가 지속될 것으로 판단.,1
2026-03-18_미래에셋증권_삼성SDI,2026-03-18,미래에셋증권,유럽EV,2026,EV판매·생산기조,,,1,유럽 OEM들은 26~27년 중 CO2 규제 회피와 EV 보조금 확대로 인해 EV 판매 및 생산 기조를 약화시키기 어려운 구간이라고 판단.,1
2026-03-18_미래에셋증권_삼성SDI,2026-03-18,미래에셋증권,중국경쟁,2026,경쟁강도,,,1,고출력 하이엔드 원통형에서 중국 경쟁사들의 글로벌 시장 진입이 상대적으로 더딘 것으로 판단.,1
2026-03-23_NH투자증권_LGES,2026-03-23,NH투자증권,유럽EV,2026,판매량,,%,2,"테슬라 유럽 판매가 26년 1,2월 12개월만에 y-y 플러스 전환됐고 중국산 EV 최저가격제 도입에 따른 가격경쟁 완화, 스탠다드형 모델 가격 인하, FSD 승인 확대(4/10 네덜란드, 하반기 유럽 확대)로 판매 회복이 가속화될 전망",1
2026-03-24_한화투자증권_LGES,2026-03-24,한화투자증권,북미ESS,2026,Capa,60,GWh,2,미국 ESS 수요 급성장에 힘입어 동사는 2026년 말까지 미국 내 60GWh 규모의 ESS Capa를 확보할 전망이며 기확보된 수주잔고로 높은 가동률이 예상된다,1
2026-03-24_한화투자증권_LGES,2026-03-24,한화투자증권,유럽EV,2028,가동률,,%,2,EU IAA의 탈중국 세부내용이 강력하게 구체화될 경우 동사 유럽 공장 가동률이 2025년 40%대에서 2028년 60~80% 수준까지 회복 가능하다,1
2026-03-24_한화투자증권_삼성SDI,2026-03-24,한화투자증권,유럽EV,2028,가동률,60,%,2,유럽 산업가속화법(IAA)에 따른 탈중국 세부지침이 구체화될 경우 2025년 40% 수준인 유럽 배터리 공장 가동률이 2028년 60% 이상으로 회복될 가능성이 높다.,1
2026-03-25_다올투자증권_LGES,2026-03-25,다올투자증권,북미ESS,2026,사업규모,,,2,빅테크 업체들의 2026년 AI 데이터센터향 Capex가 평균 두 배 가까이 증가하고 중국산 ESS 수입금지·관세 확대(현행 50% 육박)에 힘입어 2027~28년까지 미국 ESS 시장 확장 페이스가 뚜렷하게 지속되는 구조다.,1
2026-03-25_다올투자증권_LGES,2026-03-25,다올투자증권,유럽EV,2026,판매량,,,1,최근 글로벌 EV업체의 유럽·중국 판매량이 반등하기 시작하며 원통형(소형) 전지 사업의 동반 회복세가 나타나고 있다.,1
2026-03-30_교보증권_LGES,2026-03-30,교보증권,글로벌ESS,2026,성장률,,,2,"전력 수요 증가, AI데이터센터 확산, 재생에너지 연계 수요가 맞물리며 ESS 시장이 빠르게 확대되는 구조적 성장 국면.",1
2026-03-30_교보증권_LGES,2026-03-30,교보증권,북미EV,2026,수요,,,-1,북미 중심의 EV 수요 회복이 지연되고 주요 고객사 가동률도 낮은 수준을 유지 중이나 바닥 통과 국면으로 해석.,1
2026-03-30_교보증권_삼성SDI,2026-03-30,교보증권,유럽EV,2026,수요,,,-2,유럽 OEM 중심 EV 수요 부진이 지속되는 상황.,1
2026-03-30_교보증권_삼성SDI,2026-03-30,교보증권,로봇,2026,수요,,,1,AI 데이터센터 전력 인프라 투자 확대와 휴머노이드향 고출력 배터리 수요 확대 기대.,1
2026-03-31_신영증권_LGES,2026-03-31,신영증권,북미ESS,2026,CAPA,60,GWh,2,2026년 연말 북미 ESS CAPA가 60GWh(직전 추정 대비 +10GWh)로 확대되며 북미 ESS 시장 선점 효과 기대,1
2026-03-31_신영증권_LGES,2026-03-31,신영증권,유럽EV,2026,등록대수 증가율,29,%,1,테슬라의 2월 EU 등록 대수가 전년 대비 29% 증가하며 유럽 EV 수요 회복세 확인,1
2026-04-01_상상인증권_삼성SDI,2026-04-01,상상인증권,유럽EV,2026,EV침투율,,%,1,"유럽 완성차시장 내 EV 침투율은 증가추세이나, 주요 고객사향 수주물량에 기반한 xEV 출하 증가는 상반기 중 기대하기 어려운 상황.",1
2026-04-02_IBK투자증권_삼성SDI,2026-04-02,IBK투자증권,유럽EV,2026,정책수혜,,,2,"3월 공개된 유럽 산업가속화법(IAA, Industrial Accelerator Act) 초안이 중국보다 한국에 유리한 법안으로, 유럽 시장 내 한국 배터리 기업들의 수혜가 전망됨",1
2026-04-02_신한투자증권_LGES,2026-04-02,신한투자증권,북미ESS,2026,생산능력,57,GWh,2,2026년말 북미 ESS 생산능력을 수요 호조와 점유율 확대를 반영해 기존 50GWh에서 57GWh로 상향 조정,1
2026-04-02_신한투자증권_LGES,2026-04-02,신한투자증권,메탈가격,2026,리튬가격,,,2,타이트한 리튬 수급에 따른 가격 강세로 배터리 판가 방향성이 긍정적이라고 판단,1
2026-04-02_유안타증권_삼성SDI,2026-04-02,유안타증권,북미ESS,2026,BESS 수요 성격 변화,,,2,"AI 데이터센터의 실시간 부하 변동 심화로 BESS가 비상용 백업을 넘어 전력 품질 유지의 핵심 동적 버퍼로 재정의되며, 유지보수 효율(단순화된 SCM)이 북미 온사이트 전력 시장에서의 수주 경쟁력으로 부상하고 있다.",1
2026-04-07_상상인증권_삼성SDI,2026-04-07,상상인증권,북미ESS,2028,수요증가율,30,%,2,"북미 ESS 장기 수요가 기대치인 +30% YoY 수준을 상회할 것으로 전망되며, 이에 따라 2028년 이후 미국 내 ESS향 셀 출하량 및 이익 증분을 반영했다.",1
2026-04-08_NH투자증권_LGES,2026-04-08,NH투자증권,유럽EV,2026,판매량,,%,2,"테슬라의 26년 1,2월 유럽 판매가 12개월만에 y-y 플러스 전환됐고 3월 판매는 더 가속화되고 있으며, 4/10 네덜란드 FSD 승인 확보 시 하반기 유럽 내 FSD 확대에 따른 추가 성장 가능성도 열려 있음.",1
2026-04-08_iM증권_LGES,2026-04-08,iM증권,북미ESS,2026,수요전망,,,2,"신재생 발전 투자 확대와 AI 데이터센터 증설 두 축에 힘입어 미국 ESS 수요는 우호적 환경을 이어가고 있으며, PFE 규제로 비중국 공급망 업체의 전략적 가치가 부각되고 있다.",1
2026-04-08_iM증권_LGES,2026-04-08,iM증권,북미EV,2026,판매증감률,-30,%,-2,미국 EV 보조금 종료 이후 판매량이 5개월 연속 30%대 역성장을 기록 중이며 상반기 회복이 어려울 전망이다.,1
2026-04-08_iM증권_LGES,2026-04-08,iM증권,유럽EV,2026,수요전망,,,1,유럽 EV 수요는 LFP·미드니켈 중심으로 점진적인 회복세를 보이고 있다.,1
2026-04-08_iM증권_LGES,2026-04-08,iM증권,K배터리,2026,밸류에이션,,,1,지난 3년여간 이어진 국내 셀·소재 업체 EPS 컨센서스 하향 조정 흐름이 마무리 국면에 진입하고 있어 부정적 요인보다 긍정적 변화에 주목할 시점이다.,1
2026-04-08_교보증권_삼성SDI,2026-04-08,교보증권,유럽EV,2026,수요,,,-2,유럽 OEM 중심의 EV 수요 부진이 지속되며 중대형(EV) 사업부 구조조정으로 이어지고 있다.,1
2026-04-08_다올투자증권_LGES,2026-04-08,다올투자증권,유럽EV,2026,판매량,,,2,"글로벌 EV업체의 유럽 판매량이 3월 들어 급반등했고, CO2 규제 유예 2년차 진입으로 유럽 완성차업체들의 EV 차량 공급 확대가 본격화될 전망이다.",1
2026-04-08_다올투자증권_LGES,2026-04-08,다올투자증권,메탈가격,2026,리튬가격,,,1,리튬가격이 반등하며 배터리 업종에 대한 투자심리 회복이 시작되고 있다.,1
2026-04-08_메리츠증권_LGES,2026-04-08,메리츠증권,글로벌EV수요,2026,센티먼트,,,1,"이란 무력충돌에 따른 에너지 안보 위기(WTI 113달러/배럴, 사우디 5월 OSP +19.50달러/배럴)로 에너지 자립도가 낮은 아시아/EU의 에너지 전환 정책 중요성이 환기되며 재생에너지 및 EV 센티먼트가 개선 중이나, 펀더멘털 개선 여부 확인이 향후 과제.",1
2026-04-08_메리츠증권_LGES,2026-04-08,메리츠증권,유럽EV,2026,침투율,,,1,아시아 및 EU 시장에서 EV 침투율이 상대적으로 개선되는 차별화된 흐름.,1
2026-04-08_메리츠증권_LGES,2026-04-08,메리츠증권,북미EV,2026,침투율,,,-1,미국 EV 시장은 26년 11월 중간선거 이후에나 점진적 변화 가능성을 모색할 것으로 전망.,1
2026-04-08_삼성증권_LGES,2026-04-08,삼성증권,북미ESS,2027,수요,135,GWh,2,2027년 북미 ESS 수요는 135GWh로 예상되며 강한 성장세가 지속될 전망.,1
2026-04-08_삼성증권_LGES,2026-04-08,삼성증권,북미ESS,2027,LGES 시장점유율,43,%,2,"동사의 2026년 북미 ESS 생산능력이 58GWh(작년 10월 전망 30GWh 대비 상향)로 확대되며, 2027년 동사의 북미 ESS 시장점유율은 43%까지 급증할 전망.",1
2026-04-08_신영증권_LGES,2026-04-08,신영증권,북미ESS,2026,CAPA,60,GWh,2,연말 북미 ESS 배터리 CAPA를 60GWh로 확대하는 신규 라인 증설을 가속화하고 있음,1
2026-04-08_신한투자증권_LGES,2026-04-08,신한투자증권,북미ESS,2026,생산능력,57,GWh,2,북미 중심 ESS 수요 호조 속 LG에너지솔루션의 생산능력을 26년 기준 57GWh로 확대하며 실적 성장이 본격화될 전망이다.,1
2026-04-08_신한투자증권_LGES,2026-04-08,신한투자증권,메탈가격,2026,가격방향성,,,1,타이트한 리튬 수급에 따른 가격 강세로 배터리 판가 방향성은 긍정적인 상황이다.,1
2026-04-08_한화투자증권_LGES,2026-04-08,한화투자증권,K배터리,2026,턴어라운드,,,2,"이차전지 업종은 뚜렷한 턴어라운드 국면에 진입했으며, 미국 EV 시장 부진은 이미 주가에 선반영되었고 ESS가 그 공백을 빠르게 메우는 중이다",1
2026-04-08_한화투자증권_LGES,2026-04-08,한화투자증권,유럽EV,2028,성장률,,,1,유럽 EV 시장의 회복세는 완만하나 지난 3월 발표된 유럽 IAA 영향으로 2028년부터 강력한 반등이 예상된다,1
2026-04-09_LS증권_LGES,2026-04-09,LS증권,글로벌EV수요,2026,성장률,18,%,-1,'26년 EV향 글로벌 이차전지 수요 성장률을 18%로 추정했으나 중국 EV 수요 위축을 반영해 기존 가정 대비 하향 조정될 가능성이 커졌다.,1
2026-04-09_LS증권_LGES,2026-04-09,LS증권,글로벌이차전지수요,2026,성장률,19,%,-1,"'26년 전체 이차전지 수요 성장률을 19%로 추정, 수요의 63%('25년)가 여전히 EV향이라 EV 수요 둔화에 민감하게 노출된다.",1
2026-04-09_LS증권_LGES,2026-04-09,LS증권,중국EV수요,2026,1~2월 YoY 역성장률,-31,%,-2,"중국 EV 시장은 취득세 감면 변경으로 1~2월 판매가 31% 역성장, 이차전지 수요의 62%(EV) 중 61%가 중국向이라 전체 수요 전망에 미치는 영향이 크다.",1
2026-04-09_흥국증권_LGES,2026-04-09,흥국증권,북미EV,2026,수요,,,-2,미국 EV 수요 급감으로 Ultium Cells 생산이 중단되며 최소 상반기까지 재가동 계획이 불분명해 북미 EV전지 실적 부진이 지속될 전망이다.,1
2026-04-09_흥국증권_LGES,2026-04-09,흥국증권,유럽EV,2026,수요,,,1,유럽은 양호한 EV 수요 환경 속 중저가 배터리 공급 효과로 판매량 회복이 점진적으로 나타나고 있다.,1
2026-04-09_흥국증권_LGES,2026-04-09,흥국증권,북미ESS,2026,성장,,,2,북미 ESS 생산 라인 Ramp up 효과가 가시화되며 판매량이 QoQ +83.1% 증가하는 등 성장이 본격화되고 있다.,1
2026-05-04_DS투자증권_LGES,2026-05-04,DS투자증권,북미ESS,2026,성장률,,%,1,북미 ESS 가동 본격화(얼티엄셀 2공장 10GWh ESS 전환 포함)로 2Q26 생산량 확대가 예상되나 초기 램프업 비용이 단기 수익성에 부담을 준다.,1
2026-05-04_DS투자증권_LGES,2026-05-04,DS투자증권,46파이,2026,수주잔고,440,GWh,2,46시리즈 수주잔고가 25년말 300GWh에서 26년 4월 440GWh로 확대되며 테슬라 등 글로벌 OEM의 46시리즈 관심도가 높아지고 있다.,1
2026-05-04_IBK투자증권_LGES,2026-05-04,IBK투자증권,북미ESS,2026,CAPA,60,GWh,2,"LGES 글로벌 ESS CAPA는 60GWh(중국 7, 한국 1, 미국 49, 폴란드 3)이며 미국 49GWh는 홀란드17·STL12·Honda10·랜싱10GWh로 구성, 2026년 말 북미 ESS 생산 Capa 50+GWh 구축 목표.",1
2026-05-04_IBK투자증권_LGES,2026-05-04,IBK투자증권,북미EV수요,2026,수요,,,-1,북미 EV 수요는 2026년 상반기 내 부진할 것으로 전망.,1
2026-05-04_IBK투자증권_LGES,2026-05-04,IBK투자증권,유럽EV,2026,수요,,,1,2Q26 유럽향 EV 수요를 중심으로 판매가 증가할 것으로 전망.,1
2026-05-04_교보증권_LGES,2026-05-04,교보증권,북미ESS,2026,수요,,,2,2Q26 북미 ESS 수요가 견조하여 LGES의 분기 매출 QoQ 10% 성장을 견인할 것으로 전망.,1
2026-05-04_다올투자증권_LGES,2026-05-04,다올투자증권,북미ESS,2026,AMPC대상물량,23,GWh,2,연간 AMPC 대상 ESS 물량은 2025년 5GWh에서 2026년 23GWh로 급성장할 전망이다.,1
2026-05-04_다올투자증권_LGES,2026-05-04,다올투자증권,북미ESS,2026,성장률,20,%,2,북미 지역내 ESS 수요는 2030년까지 연평균 20% 성장 전망이며 중국 업체의 시장 진입이 제한되어 있어 공급 부족이 지속될 것으로 예상된다.,5
2026-05-04_다올투자증권_LGES,2026-05-04,다올투자증권,북미EV,2026,수요,,,-1,북미 EV 수요는 약세가 지속되고 있으나 3월 소폭이나마 판매 증가가 나타나 회복 여부를 모니터링 중이다.,5
2026-05-04_메리츠증권_LGES,2026-05-04,메리츠증권,북미EV,2026,판매량,,,1,에너지 대전환 시점을 맞이하며 북미 전기차 판매량 반등 개연성이 마련되고 있다.,1
2026-05-04_메리츠증권_LGES,2026-05-04,메리츠증권,유럽EV,2026,판매량,,,1,에너지 대전환 시점을 맞이하며 EU 전기차 판매량 반등 개연성이 마련되고 있다.,1
2026-05-04_미래에셋증권_LGES,2026-05-04,미래에셋증권,글로벌EV수요,2026,수요,,,2,미국-이란 전쟁에 따른 유가 상승으로 글로벌 EV 구매심리가 개선될 것으로 판단.,1
2026-05-04_미래에셋증권_LGES,2026-05-04,미래에셋증권,북미ESS,2026,수요,,,2,에너지 자립을 위한 국가별 정책 유동성 확대로 ESS 수요 예상치가 상향 조정될 것으로 판단.,1
2026-05-04_미래에셋증권_LGES,2026-05-04,미래에셋증권,유럽EV,2026,출하량,,,1,EV 부진을 주도하던 유럽 향 출하량이 개선 국면에 진입한 것으로 파악.,1
2026-05-04_신한투자증권_LGES,2026-05-04,신한투자증권,북미ESS,2026,설치량 성장률,84,%YoY,2,미국 3월 누적 유틸리티용 ESS 설치량이 전년동기대비 84% 성장하며 수요 고성장세 지속.,1
2026-05-04_신한투자증권_LGES,2026-05-04,신한투자증권,북미ESS,2026,매출 성장률,267,%,2,북미 ESS 생산능력이 2026년말 50GWh 이상으로 확대되며 연간 큰 폭의 외형 성장(+267%) 가능할 전망.,1
2026-05-04_신한투자증권_LGES,2026-05-04,신한투자증권,유럽EV,2026,판매량,,,1,고전압 미드니켈 및 LFP 공급 확대로 유럽 판매량 회복이 예상되며 상저하고 흐름 전망.,1
2026-05-04_키움증권_LGES,2026-05-04,키움증권,북미ESS,2026,CAPA확충,50,GWh,2,"중동 전쟁 등으로 에너지 안보 중요성이 부각되는 가운데, 북미 유휴 CAPA의 EV→ESS 빠른 라인 전환을 통해 2026년 중 북미 지역 내 50GWh 이상의 ESS CAPA 확충이 예상되며 연중 90GWh 신규 ESS 수주 확보 계획도 유효하다.",1
2026-05-04_하나증권_LGES,2026-05-04,하나증권,북미ESS,2028,이익전망,,,2,ESS 시장 확대와 발빠른 CAPA 증설을 근거로 AMPC 고객사 공유를 감안하더라도 2028년 ESS 관련 이익 추정치를 상향 조정했다.,1
2026-05-04_하나증권_LGES,2026-05-04,하나증권,북미EV,,,,,-2,미국 전기차 보조금 폐지 및 GM과의 배터리 JV 가동 중단으로 GM향 북미 EV 비즈니스 부진이 2분기에도 지속될 전망이다.,1
2026-05-04_한화투자증권_LGES,2026-05-04,한화투자증권,유럽EV,2026,가동률/수요회복,,,2,"유럽 시장은 고전압 미드니켈 및 LFP 제품을 필두로 가동률 회복세가 뚜렷하고, 유럽 IAA 수혜에 따른 중장기 회복 가시성도 확보됐다",1
2026-05-04_현대차증권_LGES,2026-05-04,현대차증권,유럽EV,2026,판매,,,1,고유가 여파로 유럽 전기차 판매 호조가 기대된다.,1
2026-05-04_현대차증권_LGES,2026-05-04,현대차증권,북미EV,2026,수요,,,1,미국 중고 전기차 판매 강세 등으로 미국 전기차 수요 개선 여지가 있다.,1
2026-05-04_현대차증권_LGES,2026-05-04,현대차증권,북미ESS,2026,성장률,,,2,"동사는 미국향 ESS 리딩 기업으로 성장할 전망이며, ESS도 중요한 전력기기로서 미국 성장성이 부각될 시 국내 전력기기 업체와 유사한 밸류에이션 프리미엄이 기대된다.",1
2026-05-06_대신증권_LGES,2026-05-06,대신증권,북미ESS,2030,수요,,GWh,2,미국 BESS 설치 수요는 2026~2030년 GWh 기준 CAGR +20%로 구조적 성장이 지속될 것으로 전망.,4
2026-05-06_유안타증권_LGES,2026-05-06,유안타증권,유럽EV,2026,수요,,,1,"유럽 정책 모멘텀을 고려하면 대부분 소형 EV, PHEV 중심의 EV 수요가 기대된다고 언급했다.",1
2026-05-06_유안타증권_삼성SDI,2026-05-06,유안타증권,유럽EV,2026,정책모멘텀,,,2,"EU EV 및 BESS 정책 모멘텀이 5월 말을 시작으로 하반기~2027년까지 예정되어 있으며, IAA Made in EU 조항(cell·CAM·BMS 요건) 입법 절차(5~6월), Battery Booster 첫 공모(2~3분기), EU 배터리 규정 실사 가이드라인 발표(7월), IAA 합의(4분기 내) 등이 순차적으로 진행될 전망이다.",1
2026-05-06_유진투자증권_LGES,2026-05-06,유진투자증권,북미ESS,2026,CAPA,50,GWh+,2,"LGES는 2026년말까지 북미 ESS CAPA 50GWh+ 확보를 목표로 하며, 북미 ESS 수요는 2030년까지 연평균 약 20% 성장할 전망.",3
2026-05-06_유진투자증권_LGES,2026-05-06,유진투자증권,북미EV,2026,수요,,,-1,북미 EV 수요는 보조금 폐지 및 재고조정 영향으로 약세가 지속되나 최근 일부 월별 반등 및 고유가 영향으로 개선 가능성 존재.,3
2026-05-06_유진투자증권_LGES,2026-05-06,유진투자증권,유럽EV,2026,수요,,,1,유럽은 상대적으로 견조한 EV 수요를 유지하며 Mid-Ni/LFP 등 중저가 제품과 HEV로 대응 중.,3
2026-05-06_유진투자증권_LGES,2026-05-06,유진투자증권,46파이비중,2030,EV+ESS 내 비중,18,%,1,전기차·ESS 배터리 시장 내 4680 배터리 비중은 2030년까지 약 18~20%까지 확대될 전망.,7
2026-05-08_상상인증권_삼성SDI,2026-05-08,상상인증권,북미ESS,2026,수요증가율,30,%,2,미국 내 데이터센터향 ESS 수요가 전년대비 30% 이상 초과 증가할 것으로 기대된다.,1
2026-05-11_iM증권_LGES,2026-05-11,iM증권,북미ESS,2026,성장전망,,,2,"AIDC(AI데이터센터) 전력 인프라 확대로 ESS가 부하 평탄화·전력 품질 유지의 핵심 자산으로 재평가되며, 세액공제 적격성·공급망 투명성·현지생산 요건을 갖춘 국내 배터리 업체들의 미국 ESS 수주 확대 가능성이 높아지고 있다.",1
2026-05-11_iM증권_LGES,2026-05-11,iM증권,북미EV,2026,수요,,,-1,"단기적으로 미국 EV 배터리 수요 둔화 부담이 존재하나, 11월 미 중간선거에서 민주당이 성과를 낼 경우 친환경 정책 복원 기대감이 높아지며 업종 투자심리 개선에 긍정적으로 작용할 수 있다.",1
2026-05-11_iM증권_SK온,2026-05-11,iM증권,북미ESS,2026,수주목표,20,GWh,2,"미국 태양광 설치량 증가와 AIDC 온사이트 전력품질 개선 수요 확대로 SK-On의 2026년 미국 ESS 수주 목표(20GWh, 플랫아이언 1GWh 외 6.2GWh 우선협상 물량 포함) 달성 가능성이 높아지고 있음.",1
2026-05-11_iM증권_삼성SDI,2026-05-11,iM증권,글로벌ESS,2030,AIDC향 ESS 수요비중,31,%,2,전세계 ESS 수요에서 AI데이터센터향 비중이 2025년 약 5%에서 2030년 약 31%까지 빠르게 확대될 전망이다.,1
2026-05-11_iM증권_삼성SDI,2026-05-11,iM증권,글로벌ESS,2030,AIDC향 ESS 출하량,272,GWh,2,"전세계 AI데이터센터향 ESS 배터리 출하량이 2025년 약 12GWh에서 2027년 약 61GWh, 2030년 약 272GWh로 급증할 전망이다.",1
2026-05-11_iM증권_삼성SDI,2026-05-11,iM증권,글로벌ESS,2027,AIDC향 ESS 출하량,61,GWh,2,2027년 AI데이터센터향 ESS 배터리 출하량은 시장 성장 단계 진입으로 약 61GWh에 이를 전망이다.,1
2026-05-11_iM증권_삼성SDI,2026-05-11,iM증권,북미ESS,2026,중국산 ESS 규제,,,2,2026년부터 본격화되는 미국 행정부의 중국산 ESS 규제로 국내 배터리 셀 업체들의 미국 ESS 시장 점유율 확대가 기대된다.,1
2026-05-12_LS증권_LGES,2026-05-12,LS증권,북미ESS,2026,중국셀사M/S,50,%,-1,"미국 ESS 시장에서 중국 배터리 M/S가 2026년에도 여전히 50%를 상회하는 수준으로 예상되며, LRS·현지 Capa 건설·JV·Safe Harbor 등 FEOC 조항 대응 전략에도 불구하고 중국 셀사의 판매가 지속되고 있다.",1
2026-05-12_LS증권_LGES,2026-05-12,LS증권,북미ESS,2026,중국셀사M/S(Utility-Grid향),70,%,-1,"LFP각형으로 표준화되어 전체 ESS 수요의 70% 이상을 차지하는 Utility-Grid향 ESS 시장에서, 중국 셀사 M/S가 당분간 70%대를 유지할 것으로 전망된다.",1
2026-05-13_KB증권_SK온,2026-05-13,KB증권,유럽EV,2026,판매회복,,,1,유럽 디젤 가격 상승으로 유럽 전기차 판매가 회복되고 있다.,1
2026-05-13_KB증권_SK온,2026-05-13,KB증권,북미EV,2026,판매회복,,,1,미국 휘발유 가격 상승으로 북미 전기차 판매가 회복되고 있다.,1
2026-05-14_iM증권_SK온,2026-05-14,iM증권,북미ESS,2026,수요,,GWh,2,"미국 태양광 설치량 증가와 AIDC 온사이트 BTM 발전 수요 확대, AI 데이터센터 전력품질 개선 용도의 ESS 역할 확대 등 최근 전력시장 트렌드 변화가 북미 ESS 수요 성장과 동사 수주 확대 기회로 이어지고 있다고 평가.",1
2026-05-14_메리츠증권_SK온,2026-05-14,메리츠증권,유럽EV,2026,판매량,,,1,유럽 EV 판매량 반등 가능성으로 센티먼트가 개선되고 있다고 평가했다.,1
2026-05-14_메리츠증권_SK온,2026-05-14,메리츠증권,중국경쟁,2026,LFP/ESS 경쟁력,,,-1,한국 배터리 업체들이 LFP·ESS 분야에서 중국 선도기업 대비 Catch-up 단계에 있다고 평가했다.,1
2026-05-14_유진투자증권_SK온,2026-05-14,유진투자증권,유럽EV,2026,성장률,28,%,2,"1Q26 유럽 EV 판매량이 전년동기대비 28% 성장한 120만대를 기록, 보조금 재도입과 CO2 규제 강화, 현지 생산공급망 우대 정책이 우호적 요인으로 작용.",2
2026-05-14_유진투자증권_SK온,2026-05-14,유진투자증권,북미EV,2026,수요,,,-1,"미국은 금리 부담, 소비심리 위축, 정책 불확실성으로 EV 수요 회복 속도가 완만한 상황.",2
2026-05-14_유진투자증권_SK온,2026-05-14,유진투자증권,북미ESS,2026,성장,,,1,북미 ESS 시장은 중장기 고성장 시장으로 다양한 플레이어 진입이 자연스러운 흐름이며 가격 외 품질·공급 안정성과 프로젝트 수행 역량이 중요해지고 있음.,3
2026-05-14_한화투자증권_SK온,2026-05-14,한화투자증권,유럽EV,2026,수요,,,1,유럽 전기차(EV) 시장의 수요 증가가 1분기 SK온 출하량 확대(QoQ 10%)로 이어졌다고 언급됨(구체적 시장 성장률 수치는 제시되지 않음).,1
2026-05-21_버핏연구소_삼성SDI,2026-05-21,버핏연구소,메탈가격,2026,리튬가격,22.64,USD/kg,1,국제 리튬 가격이 2022년 11월 kg당 70달러에서 2026년 5월 20일 기준 kg당 22.64달러로 안정세(완만한 상승세)를 보이며 배터리 원가 부담이 완화되고 있다.,4
2026-05-21_버핏연구소_삼성SDI,2026-05-21,버핏연구소,북미ESS,2026,성장률,,%,2,AI 데이터센터 확산과 IRA 세액공제·보조금에 힘입어 미국 ESS 시장이 세계에서 가장 빠르게 성장하고 있으며 캘리포니아·텍사스·애리조나가 핵심 시장이다.,5
2026-05-21_버핏연구소_삼성SDI,2026-05-21,버핏연구소,중국경쟁,2025,시장점유율,55,%,-1,2025년 기준 CATL·BYD 중국 2개사의 글로벌 이차전지 시장점유율 합계가 55%(4위 CALB 포함시 60%)에 달하는 반면 한국 3사(LG엔솔·SK온·삼성SDI) 합산 점유율은 약 20%에 불과하다.,7
2026-05-21_버핏연구소_삼성SDI,2026-05-21,버핏연구소,글로벌EV수요,2026,수요전망,,,1,미국-이란 전쟁 등 지정학적 리스크로 브렌트유가 배럴당 100달러를 돌파(105.2달러)하면서 내연기관차 대안으로 전기차 수요가 회복되고 있다.,5
2026-05-26_미래에셋증권_삼성SDI,2026-05-26,미래에셋증권,유럽EV,2026,수요,,,2,유럽 국가 보조금 확대와 유가 상승으로 유럽 EV 수요 상황이 회복되는 국면에 진입했다.,1
2026-05-28_NH투자증권_LGES,2026-05-28,NH투자증권,북미ESS,2026,TAM 확장,,,2,화석연료 발전 연계용 BESS 수요(데이터센터 전력 안정화 목적)가 신재생 연계 수요에 더해지며 BESS 전체 시장 규모(TAM)를 확장시킬 계기로 판단.,1
2026-05-28_키움증권_삼성SDI,2026-05-28,키움증권,유럽EV,2026,정책환경,,,1,"유럽 내 우호적인 정책 환경(IAA, CRMA 등)에 따라 헝가리 공장의 활용도가 점차 커질 것으로 기대.",1
2026-06-02_LS증권_LGES,2026-06-02,LS증권,글로벌EV수요,2026,성장률,4,%,-2,"1~4월 누적 기준 글로벌 EV향 배터리 탑재량 전년대비 성장률이 '25년 28%에서 '26년 4%로 급격히 둔화되었으며, 이는 중국 취득세 감면 축소 및 미국 IRA 30D 일몰 영향으로 판단된다.",2
2026-06-02_LS증권_LGES,2026-06-02,LS증권,중국경쟁,2026,M/S,,%,-2,"중국 내수 판매 둔화가 중국 OEM의 해외시장 진출을 가속화시켜, 인위적 배제 장벽이 없는 비미국 시장(유럽 등)에서 중국 배터리 M/S가 확대되고 있다.",3
2026-06-02_LS증권_LGES,2026-06-02,LS증권,북미ESS,2026,수요,18,GWh,1,"미국 ESS 수요는 '26년 기준 글로벌 이차전지 수요의 약 4.5%(출하량 기준 약 15%)로 추정되며, FEOC·관세 강화에도 중국 업체의 사전구매·현지화 우회로 중국 M/S가 여전히 약 60% 수준을 유지할 전망이다.",9
2026-06-02_LS증권_LGES,2026-06-02,LS증권,글로벌ESS,2026,수요비중,30,%,0,"'26년 글로벌 이차전지 수요의 약 30%를 ESS가 차지할 것으로 전망하며, 유틸리티/VRE(재생에너지) 연계향이 가장 큰 비중을 차지하고 미국은 글로벌 대비 데이터센터향 비중이 상대적으로 높다.",8
2026-06-02_LS증권_LGES,2026-06-02,LS증권,K배터리,2025,ESS M/S,2,%,-1,"'25년 글로벌 ESS 시장(550GWh, 전년비 79% 성장)에서 LGES·삼성SDI가 각 2% M/S를 기록해 '23년(LGES 4%, SDI 5%) 대비 하락했으며, 중국 저가 LFP 각형 공세 속에 두 자릿수 자체 성장에도 M/S가 축소되었다.",7
2026-06-02_LS증권_LGES,2026-06-02,LS증권,폼팩터/케미스트리,2026,LFP비중,59,%,1,"4월 EV향 배터리 data 기준 Chemistry는 LFP M/S 59%로 비중 확대가 재확인되었으며, 폼팩터에서도 각형(Prismatic) M/S가 81%까지 확대되는 반면 동사가 생산하는 원통형·파우치 M/S는 축소되는 추세다.",1
2026-06-02_LS증권_LGES,2026-06-02,LS증권,메탈가격,2026,Chemistry전환,,%,-1,"BNEF에 따르면 ESS 화학은 향후 NMC/LFP에서 나트륨이온(Sodium-ion)으로 점진 전환될 전망이며, CATL이 나트륨전지 상용화(승용차·60GWh ESS 공급계약)를 이미 앞서 진행하고 있어 한국 배터리 기업의 잠재 리스크로 유의할 필요가 있다.",9
2026-06-04_KB증권_LGES,2026-06-04,KB증권,북미EV,2026,신차 재고일수,79,일,1,미국 신차 EV 재고일수가 2025년말 130일에서 2026년 4월 79일로 안정화되며 미국 EV/전지 업계의 생산조정이 4Q25~2Q26 중 마무리 국면에 진입하는 것으로 판단된다.,3
2026-06-04_KB증권_LGES,2026-06-04,KB증권,북미EV,2026,휘발유/디젤 가격 상승률,,%,1,미국의 5월말 휘발유/디젤 가격이 전쟁 후(2/23 대비) 46%/47% 상승해 중/장기적으로 EV 침투율 회복이 기대된다.,1
2026-06-05_LS증권_삼성SDI,2026-06-05,LS증권,글로벌EV수요,2026,판매량증감률,4,%,-1,글로벌 EV 판매량은 1~4월 누적 기준 '21년 141% 성장에서 서서히 둔화되어 '26년에는 4% 성장에 그쳤다.,4
2026-06-05_LS증권_삼성SDI,2026-06-05,LS증권,북미ESS,2026,수요,9,GWh,1,"미국 AI 데이터센터향 ESS 수요는 '26년 9GWh(글로벌 전체 수요의 0.5%)로 아직 시장 기대 대비 작으나 '30년 160GWh(연평균 +12%)까지 확대될 전망이며, '26년부터 FEOC 및 중국 배터리 관세 인상에 따라 미국 ESS 내 중국 M/S가 60%를 상회할 것으로 전망된다.",1
2026-06-05_LS증권_삼성SDI,2026-06-05,LS증권,유럽EV,2026,판매량증감률,19,%,1,"1~4월 누적 기준 유럽 EV 판매량은 전년대비 19% 증가하며 중국(-13%), 북미(-5%) 대비 유일하게 견조한 성장세를 보였다.",5
2026-06-05_LS증권_삼성SDI,2026-06-05,LS증권,중국경쟁,2027,전고체 양산목표,,,-1,"CATL, BYD 등 중국 배터리사들은 '27년 전고체(또는 반고체) 배터리 양산을 목표로 국내 셀사보다 개발 및 양산 속도가 빠르게 진행되고 있다.",9
2026-06-15_LS증권_SK온,2026-06-15,LS증권,글로벌EV수요,2026,판매증감률,4,%,-2,"글로벌 EV 판매량은 '26년 1~4월 누적 기준 전년대비 +4% 성장에 그쳐 '21년 141%, '25년 28% 대비 성장률이 크게 둔화됐다.",3
2026-06-15_LS증권_SK온,2026-06-15,LS증권,중국경쟁,2026,판매증감률,-13,%,-2,"중국 EV 판매량은 취득세 감면이 100%에서 50%로 축소되며 '26년 1~4월 누적 -13% 역성장했고, 이는 중국 OEM의 해외시장(비미국) 공략 가속화로 이어져 K배터리에 부정적이다.",4
2026-06-15_LS증권_SK온,2026-06-15,LS증권,북미EV,2026,판매증감률,-5,%,-2,미국 IRA 30D 세액공제 폐지 등으로 북미 EV 판매량은 '26년 1~4월 누적 -5%로 역성장했다.,4
2026-06-15_LS증권_SK온,2026-06-15,LS증권,K배터리,2026,파우치형폼팩터M/S,,%,-1,파우치형 폼팩터는 LGES와 SK On이 양분하는 구조이나 '22년 이후 M/S가 30%대 초반에서 정체되며 각형/LFP에 성장을 내주고 있다.,4
2026-06-18_KB증권_LGES,2026-06-18,KB증권,한국EV,2026,EV 판매대수,380000,대,2,"2026년 국내 EV 판매량은 침투율 22.6% 유지 가정 시 38만대를 상회할 것으로 예상되며, 전기차 가격 하락, 유가/휘발유 가격 급등, 무공해차 보급목표(ZEV Mandate) 규제 본격 시행(2026년 24%, 미달 시 대당 150만원 기여금)이 침투율 급등(2025년 12.9%→2026년 22.6%)의 배경이다.",3
2026-06-18_KB증권_SK온,2026-06-18,KB증권,한국EV수요,2026,침투율,22.6,%,2,"국내 EV 침투율은 2022~24년 8.4%, 2025년 12.9%에서 2026년 22.6%로 급등하며 신규등록 대수는 38만대를 상회할 것으로 기대된다.",3
2026-06-18_KB증권_SK온,2026-06-18,KB증권,한국EV수요,2026,BEV판매량_YoY,122,%,2,"2026년 1~5월 국내 BEV 판매량은 전년동기 대비 +122% 급증했으며, 전기차 가격 하락과 2026년부터 본격화된 ZEV 무공해차 보급목표 규제(미달 시 대당 150만원 기여금)가 주된 배경이다.",3
2026-06-18_다올투자증권_LGES,2026-06-18,다올투자증권,북미ESS,2026,수요,,,2,2026년 하반기로 갈수록 ESS 사업이 AI 데이터센터 인프라에 있어 최대 병목 영역 중 한 곳으로 지목될 수 있어 ESS 수요 측면에서 우호적인 환경이 조성되고 있다.,1
2026-06-24_유안타증권_LGES,2026-06-24,유안타증권,북미ESS,2026,수요,,,2,미국 전력 인프라 병목으로 인한 BESS 수요 급증이 K-배터리 업체들의 수주 모멘텀과 실적 확대로 이어질 전망이다.,1
2026-06-25_NH투자증권_LGES,2026-06-25,NH투자증권,북미EV,2026,성장률,,%,1,"미국 xEV 판매 y-y 역성장이 완화되는 추세로, 하반기 고객사 재고 축적 재개가 기대됨.",4
2026-06-25_NH투자증권_LGES,2026-06-25,NH투자증권,유럽EV,2026,성장률,,%,2,테슬라 유럽 판매량 y-y가 강한 반등세를 보이며 소형전지 낙수효과로 이어질 전망.,4
2026-06-25_NH투자증권_삼성SDI,2026-06-25,NH투자증권,유럽EV,2026,국내3사합산점유율,30.6,%,-1,유럽 xEV 내 국내 배터리 3사 합산 점유율이 지속 하락해 '26.1월 기준 30.6%를 기록,5
2026-06-26_미래에셋증권_삼성SDI,2026-06-26,미래에셋증권,유럽EV,2026,수요,,,1,유럽 EV 수요 개선으로 헝가리 라인 가동률이 상승하고 있다.,1
2026-06-26_미래에셋증권_삼성SDI,2026-06-26,미래에셋증권,중국경쟁,2026,정책환경,,,1,미국/유럽 중심의 대중국 배터리 밸류체인 견제 정책이 지속되며 국내 업체의 중장기 글로벌 점유율 회복에 우호적 환경을 제공한다.,1
2026-06-29_LS증권_SK온,2026-06-29,LS증권,글로벌EV수요,2026,성장률,4,%,-1,글로벌 EV 판매 증감률이 21년 141%→22년 34%→23년 31%→24년 23%→25년 28%에서 26년 1~4월 누적 4%로 성장세가 뚜렷하게 둔화.,4
2026-06-29_LS증권_SK온,2026-06-29,LS증권,중국경쟁,2026,성장률,-13,%,-2,중국 EV 판매는 취득세 감면이 100%에서 50%로 축소되며 26년 1~4월 누적 전년대비 -13%로 역성장.,5
2026-06-29_LS증권_SK온,2026-06-29,LS증권,유럽EV,2026,성장률,19,%,1,유럽 EV 판매는 26년 1~4월 누적 전년대비 +19%로 견조한 성장세를 지속.,5
2026-06-29_LS증권_SK온,2026-06-29,LS증권,북미EV,2026,성장률,-5,%,-1,"북미 EV 판매는 26년 1~4월 누적 전년대비 -5%로 역성장 전환, 미국 IRA 30D 폐지 등 정책 변화 영향으로 판단.",5
2026-06-30_iM증권_LGES,2026-06-30,iM증권,북미ESS,2030,수요,,GWh,2,AIDC發 신규 ESS 수요를 고려하면 현재 시장 컨센서스인 2030년 미국 ESS 수요 전망치(150~180GWh)가 크게 상향 조정될 가능성이 높다고 판단한다.,1
2026-06-30_iM증권_LGES,2026-06-30,iM증권,AIDC ESS,2030,출하량,272,GWh,2,GGII에 따르면 전세계 AI데이터센터향 ESS 배터리 출하량이 2025년 약 12GWh에서 2030년 약 272GWh로 급성장할 전망이다.,1
2026-06-30_iM증권_삼성SDI,2026-06-30,iM증권,북미ESS,2030,수요,272,GWh,2,GGII는 전세계 AIDC향 ESS 배터리 출하량이 2025년 약 12GWh에서 2030년 약 272GWh로 급성장할 것으로 전망하며 상당 부분은 미국에서 발생할 가능성이 높다고 언급.,1
2026-06-30_iM증권_삼성SDI,2026-06-30,iM증권,북미ESS,2030,수요,,GWh,2,AIDC발 신규 ESS 수요를 고려할 때 현재 시장 컨센서스인 2030년 미국 ESS 수요 전망치(150~180GWh)는 크게 상향 조정될 가능성이 높다고 판단.,1
2026-07-02_메리츠증권_LGES,2026-07-02,메리츠증권,북미ESS,2030,수요성장률,28,%,2,미국 ESS 시장 연평균 수요 증가율은 2030년까지 연간 +28% 전망.,1
