report_id,date,house,coverage,report_type,report_title,title_source,analyst,source_file,source_path,pages,source_exists
2023-05-23_SK증권_산업,2023-05-23,SK증권,산업,산업,배터리 패러다임의 변화 (feat. IT 탐방왕이 바라본 2차전지),파일명,박형우,SK증권_전자장비와기기_배터리 패러다임의 변화 (feat. IT 탐방왕이 바라본 2차전지)_20230523.pdf,inbox/SK증권_전자장비와기기_배터리 패러다임의 변화 (feat. IT 탐방왕이 바라본 2차전지)_20230523.pdf,142,Y
2023-07-06_대신증권_산업,2023-07-06,대신증권,산업,산업,K배터리 목표시총 400조,파일명,전창현,대신증권_전자장비와기기_K배터리 목표시총 400조_20230706.pdf,inbox/대신증권_전자장비와기기_K배터리 목표시총 400조_20230706.pdf,120,Y
2023-09-12_IBK투자증권_산업,2023-09-12,IBK투자증권,산업,산업,배터리 World War,파일명,이현욱,IBK투자증권_전자장비와기기_배터리 World War_20230912.pdf,inbox/IBK투자증권_전자장비와기기_배터리 World War_20230912.pdf,136,Y
2023-11-21_유진투자증권_산업,2023-11-21,유진투자증권,산업,산업,배터리 2024 OUTLOOK TREND SETTER,파일명,황성현,유진투자증권_전자장비와기기_배터리 2024 OUTLOOK TREND SETTER_20231121.pdf,inbox/유진투자증권_전자장비와기기_배터리 2024 OUTLOOK TREND SETTER_20231121.pdf,71,Y
2024-02-26_IBK투자증권_산업,2024-02-26,IBK투자증권,산업,산업,역대급 북미 배터리 설계사,파일명,이현욱,IBK투자증권_전자장비와기기_역대급 북미 배터리 설계사_20240226.pdf,inbox/IBK투자증권_전자장비와기기_역대급 북미 배터리 설계사_20240226.pdf,116,Y
2024-05-20_유진투자증권_산업,2024-05-20,유진투자증권,산업,산업,"산업재 D(ata)PT - 「나트륨이온배터리, 게임체인저가 될 것인가」",파일명,황성현,"유진투자증권_복합유틸리티_산업재 D(ata)PT - 「나트륨이온배터리, 게임체인저가 될 것인가」_20240520.pdf","inbox/유진투자증권_복합유틸리티_산업재 D(ata)PT - 「나트륨이온배터리, 게임체인저가 될 것인가」_20240520.pdf",102,Y
2024-10-21_상상인증권_산업,2024-10-21,상상인증권,산업,산업,2025년 연간 전망 완성차와 배터리에 기대할 수 있는 것,파일명,유민기,상상인증권_자동차_2025년 연간 전망 완성차와 배터리에 기대할 수 있는 것_20241021.pdf,inbox/상상인증권_자동차_2025년 연간 전망 완성차와 배터리에 기대할 수 있는 것_20241021.pdf,74,Y
2025-02-03_흥국증권_산업,2025-02-03,흥국증권,산업,산업,2025년 미리보기 전열 재정비(ft.4680 배터리 로드맵),파일명,정진수,흥국증권_전자장비와기기_2025년 미리보기 전열 재정비(ft.4680 배터리 로드맵)_20250203.pdf,inbox/흥국증권_전자장비와기기_2025년 미리보기 전열 재정비(ft.4680 배터리 로드맵)_20250203.pdf,46,Y
2025-03-21_삼성증권_산업,2025-03-21,삼성증권,산업,산업,"Beyond Chasm 로봇의 심장, 배터리",파일명,"임은영, 장정훈, 조현렬 (EV/모빌리티팀)","삼성증권_자동차_Beyond Chasm 로봇의 심장, 배터리_20250321.pdf","inbox/삼성증권_자동차_Beyond Chasm 로봇의 심장, 배터리_20250321.pdf",79,Y
2025-04-02_유안타증권_산업,2025-04-02,유안타증권,산업,산업,파고들다 II. 46시리즈와 전고체 배터리,파일명,이안나,유안타증권_전자장비와기기_파고들다 II. 46시리즈와 전고체 배터리_20250402.pdf,inbox/유안타증권_전자장비와기기_파고들다 II. 46시리즈와 전고체 배터리_20250402.pdf,60,Y
2025-05-16_하나증권_산업,2025-05-16,하나증권,산업,산업,배터리 징비록,파일명,김현수,하나증권_전자장비와기기_배터리 징비록_20250516.pdf,inbox/하나증권_전자장비와기기_배터리 징비록_20250516.pdf,57,Y
2025-06-10_SK증권_산업,2025-06-10,SK증권,산업,산업,"K-배터리, 네 가지 위기와 미래 승부수",파일명,"박형우, 권민규","SK증권_전자장비와기기_K-배터리, 네 가지 위기와 미래 승부수_20250610.pdf","inbox/SK증권_전자장비와기기_K-배터리, 네 가지 위기와 미래 승부수_20250610.pdf",64,Y
2025-07-25_iM증권_산업,2025-07-25,iM증권,산업,산업,미국 ESS 산업 구조 변화의 시작(한국 배터리 산업의 제2의 서막),파일명,정원석,iM증권_전자장비와기기_미국 ESS 산업 구조 변화의 시작(한국 배터리 산업의 제2의 서막)_20250725.pdf,inbox/iM증권_전자장비와기기_미국 ESS 산업 구조 변화의 시작(한국 배터리 산업의 제2의 서막)_20250725.pdf,20,Y
2025-10-23_삼성증권_산업,2025-10-23,삼성증권,산업,산업,2차전지 산업 분석 11편 - AI 데이터센터와 배터리,파일명,"장정훈, 조현열",삼성증권_전자장비와기기_2차전지 산업 분석 11편 - AI 데이터센터와 배터리_20251023.pdf,inbox/삼성증권_전자장비와기기_2차전지 산업 분석 11편 - AI 데이터센터와 배터리_20251023.pdf,39,Y
2025-11-19_다올투자증권_산업,2025-11-19,다올투자증권,산업,산업,AI가 쏘아올린 ESS 시장의 개화와 한국의 배터리,파일명,유지웅,다올투자증권_전자장비와기기_AI가 쏘아올린 ESS 시장의 개화와 한국의 배터리_20251119.pdf,inbox/다올투자증권_전자장비와기기_AI가 쏘아올린 ESS 시장의 개화와 한국의 배터리_20251119.pdf,45,Y
2025-11-24_SK증권_산업,2025-11-24,SK증권,산업,산업,[2026년 연간전망] ESS 배터리의 빛과 그림자,파일명,박형우,SK증권_전자제품_[2026년 연간전망] ESS 배터리의 빛과 그림자_20251124.pdf,inbox/SK증권_전자제품_[2026년 연간전망] ESS 배터리의 빛과 그림자_20251124.pdf,25,Y
2025-11-24_유진투자증권_산업,2025-11-24,유진투자증권,산업,산업,2026 연간전망 2026년 희망의 K배터리 밸류체인,파일명,한병화,유진투자증권_전자장비와기기_2026 연간전망 2026년 희망의 K배터리 밸류체인_20251124.pdf,inbox/유진투자증권_전자장비와기기_2026 연간전망 2026년 희망의 K배터리 밸류체인_20251124.pdf,73,Y
2026-01-29_상상인증권_SK온,2026-01-29,상상인증권,SK온,기업,"배터리사업 부진, 그러나 개선 준비 중",파일명,백영찬,"상상인증권_SK이노베이션_배터리사업 부진, 그러나 개선 준비 중_20260129.pdf","inbox/상상인증권_SK이노베이션_배터리사업 부진, 그러나 개선 준비 중_20260129.pdf",4,Y
2026-02-23_하나증권_SK온,2026-02-23,하나증권,SK온,기업,더 이상 정유 Up-Cycle에서 소외되지 않는다,파일명,윤재성,하나증권_SK이노베이션_더 이상 정유 Up-Cycle에서 소외되지 않는다_20260223.pdf,inbox/하나증권_SK이노베이션_더 이상 정유 Up-Cycle에서 소외되지 않는다_20260223.pdf,5,Y
2026-02-26_KB증권_LGES,2026-02-26,KB증권,LGES,기업,2026년 미국 사업 ESS가 EV 미국 출하량 뛰어넘을 것,파일명,전우제,KB증권_LG에너지솔루션_2026년 미국 사업 ESS가 EV 미국 출하량 뛰어넘을 것_20260226.pdf,inbox/KB증권_LG에너지솔루션_2026년 미국 사업 ESS가 EV 미국 출하량 뛰어넘을 것_20260226.pdf,9,Y
2026-03-11_삼성증권_LGES,2026-03-11,삼성증권,LGES,기업,1등은 로봇도 잘한다,파일명,조현렬,삼성증권_LG에너지솔루션_1등은 로봇도 잘한다_20260311.pdf,inbox/삼성증권_LG에너지솔루션_1등은 로봇도 잘한다_20260311.pdf,6,Y
2026-03-11_삼성증권_삼성SDI,2026-03-11,삼성증권,삼성SDI,기업,연간 턴어라운드 기대 유효,파일명,장정훈,삼성증권_삼성SDI_연간 턴어라운드 기대 유효_20260311.pdf,inbox/삼성증권_삼성SDI_연간 턴어라운드 기대 유효_20260311.pdf,4,Y
2026-03-16_하나증권_산업,2026-03-16,하나증권,산업,산업,인터배터리가 투자자에게 주는 함의,파일명,김현수,하나증권_전자장비와기기_인터배터리가 투자자에게 주는 함의_20260316.pdf,inbox/하나증권_전자장비와기기_인터배터리가 투자자에게 주는 함의_20260316.pdf,53,Y
2026-03-18_미래에셋증권_LGES,2026-03-18,미래에셋증권,LGES,기업,26년 ESS 추정치 추가 상향 조정,파일명,김철중,미래에셋증권_LG에너지솔루션_26년 ESS 추정치 추가 상향 조정_20260318.pdf,inbox/미래에셋증권_LG에너지솔루션_26년 ESS 추정치 추가 상향 조정_20260318.pdf,5,Y
2026-03-18_미래에셋증권_삼성SDI,2026-03-18,미래에셋증권,삼성SDI,기업,26년 영업 흑자 전환 예상,파일명,김철중,미래에셋증권_삼성SDI_26년 영업 흑자 전환 예상_20260318.pdf,inbox/미래에셋증권_삼성SDI_26년 영업 흑자 전환 예상_20260318.pdf,5,Y
2026-03-23_NH투자증권_LGES,2026-03-23,NH투자증권,LGES,기업,테슬라 유럽 판매 회복에 대비할 필요,파일명,주민우,NH투자증권_LG에너지솔루션_테슬라 유럽 판매 회복에 대비할 필요_20260323.pdf,inbox/NH투자증권_LG에너지솔루션_테슬라 유럽 판매 회복에 대비할 필요_20260323.pdf,9,Y
2026-03-23_NH투자증권_삼성SDI,2026-03-23,NH투자증권,삼성SDI,기업,적자폭 축소 기대,파일명,주민우,NH투자증권_삼성SDI_적자폭 축소 기대_20260323.pdf,inbox/NH투자증권_삼성SDI_적자폭 축소 기대_20260323.pdf,8,Y
2026-03-24_키움증권_LGES,2026-03-24,키움증권,LGES,기업,휴머노이드 배터리 공급 확대,파일명,권준수,키움증권_LG에너지솔루션_휴머노이드 배터리 공급 확대_20260324.pdf,inbox/키움증권_LG에너지솔루션_휴머노이드 배터리 공급 확대_20260324.pdf,4,Y
2026-03-24_키움증권_삼성SDI,2026-03-24,키움증권,삼성SDI,기업,전고체 전지 모멘텀 기대,파일명,권준수,키움증권_삼성SDI_전고체 전지 모멘텀 기대_20260324.pdf,inbox/키움증권_삼성SDI_전고체 전지 모멘텀 기대_20260324.pdf,4,Y
2026-03-24_한화투자증권_LGES,2026-03-24,한화투자증권,LGES,기업,미국 ESS와 유럽 IAA로 회복 가시성 증가,파일명,이용욱,한화투자증권_LG에너지솔루션_미국 ESS와 유럽 IAA로 회복 가시성 증가_20260324.pdf,inbox/한화투자증권_LG에너지솔루션_미국 ESS와 유럽 IAA로 회복 가시성 증가_20260324.pdf,3,Y
2026-03-24_한화투자증권_삼성SDI,2026-03-24,한화투자증권,삼성SDI,기업,"EV 공백 메우는 ESS, IAA 수혜로 더해지는 기대감",파일명,이용욱,"한화투자증권_삼성SDI_EV 공백 메우는 ESS, IAA 수혜로 더해지는 기대감_20260324.pdf","inbox/한화투자증권_삼성SDI_EV 공백 메우는 ESS, IAA 수혜로 더해지는 기대감_20260324.pdf",3,Y
2026-03-25_다올투자증권_LGES,2026-03-25,다올투자증권,LGES,기업,"ESS 모멘텀 지속, EV 방향성 점차 개선",파일명,유지웅,"다올투자증권_LG에너지솔루션_ESS 모멘텀 지속, EV 방향성 점차 개선_20260325.pdf","inbox/다올투자증권_LG에너지솔루션_ESS 모멘텀 지속, EV 방향성 점차 개선_20260325.pdf",6,Y
2026-03-25_신영증권_삼성SDI,2026-03-25,신영증권,삼성SDI,기업,황화물계 전고체 전지 시장 선점 효과 기대,파일명,,신영증권_삼성SDI_황화물계 전고체 전지 시장 선점 효과 기대_20260325.pdf,inbox/신영증권_삼성SDI_황화물계 전고체 전지 시장 선점 효과 기대_20260325.pdf,3,Y
2026-03-30_교보증권_LGES,2026-03-30,교보증권,LGES,기업,1Q26 Preview 컨센서스 소폭 하회,파일명,최보영,교보증권_LG에너지솔루션_1Q26 Preview 컨센서스 소폭 하회_20260330.pdf,inbox/교보증권_LG에너지솔루션_1Q26 Preview 컨센서스 소폭 하회_20260330.pdf,4,Y
2026-03-30_교보증권_삼성SDI,2026-03-30,교보증권,삼성SDI,기업,1Q26 Preview 컨센서스 소폭 상회,파일명,최보영,교보증권_삼성SDI_1Q26 Preview 컨센서스 소폭 상회_20260330.pdf,inbox/교보증권_삼성SDI_1Q26 Preview 컨센서스 소폭 상회_20260330.pdf,4,Y
2026-03-31_신영증권_LGES,2026-03-31,신영증권,LGES,기업,"하방은 제한적, ESS가 이끄는 2026년",파일명,박진수,"신영증권_LG에너지솔루션_하방은 제한적, ESS가 이끄는 2026년_20260331.pdf","inbox/신영증권_LG에너지솔루션_하방은 제한적, ESS가 이끄는 2026년_20260331.pdf",5,Y
2026-04-01_DB증권_삼성SDI,2026-04-01,DB증권,삼성SDI,기업,1Q26 컨센서스 상회 전망,파일명,안회수,DB증권_삼성SDI_1Q26 컨센서스 상회 전망_20260401.pdf,inbox/DB증권_삼성SDI_1Q26 컨센서스 상회 전망_20260401.pdf,4,Y
2026-04-01_상상인증권_삼성SDI,2026-04-01,상상인증권,삼성SDI,기업,"1Q26 Preview - 북미거점 ESS 생산, 하반기 흑자전환 기대",파일명,유민기,"상상인증권_삼성SDI_1Q26 Preview - 북미거점 ESS 생산, 하반기 흑자전환 기대_20260401.pdf","inbox/상상인증권_삼성SDI_1Q26 Preview - 북미거점 ESS 생산, 하반기 흑자전환 기대_20260401.pdf",5,Y
2026-04-02_IBK투자증권_삼성SDI,2026-04-02,IBK투자증권,삼성SDI,기업,이제 호재가 터질 시기,파일명,이현욱,IBK투자증권_삼성SDI_이제 호재가 터질 시기_20260402.pdf,inbox/IBK투자증권_삼성SDI_이제 호재가 터질 시기_20260402.pdf,5,Y
2026-04-02_신한투자증권_LGES,2026-04-02,신한투자증권,LGES,기업,우려보다 기대를,파일명,"이진명, 김명주",신한투자증권_LG에너지솔루션_우려보다 기대를_20260402.pdf,inbox/신한투자증권_LG에너지솔루션_우려보다 기대를_20260402.pdf,7,Y
2026-04-02_유안타증권_삼성SDI,2026-04-02,유안타증권,삼성SDI,기업,하반기 흑전 + ESS 중심 수주 확대 기대,파일명,이안나,유안타증권_삼성SDI_하반기 흑전 + ESS 중심 수주 확대 기대_20260402.pdf,inbox/유안타증권_삼성SDI_하반기 흑전 + ESS 중심 수주 확대 기대_20260402.pdf,3,Y
2026-04-06_하나증권_산업,2026-04-06,하나증권,산업,산업,"Weekly 이배속  ESS 성장 지속, 기대감 없는 EV의 반등",파일명,김현수,"하나증권_전자장비와기기_Weekly 이배속  ESS 성장 지속, 기대감 없는 EV의 반등_20260406.pdf","inbox/하나증권_전자장비와기기_Weekly 이배속  ESS 성장 지속, 기대감 없는 EV의 반등_20260406.pdf",29,Y
2026-04-07_상상인증권_삼성SDI,2026-04-07,상상인증권,삼성SDI,기업,"북미ESS 성장 반영, 중장기 이익전망 상향",파일명,유민기,"상상인증권_삼성SDI_북미ESS 성장 반영, 중장기 이익전망 상향_20260407.pdf","inbox/상상인증권_삼성SDI_북미ESS 성장 반영, 중장기 이익전망 상향_20260407.pdf",6,Y
2026-04-08_DB증권_LGES,2026-04-08,DB증권,LGES,기업,1Q26 잠정실적 AMPC가 매출로,파일명,안회수,DB증권_LG에너지솔루션_1Q26 잠정실적 AMPC가 매출로_20260408.pdf,inbox/DB증권_LG에너지솔루션_1Q26 잠정실적 AMPC가 매출로_20260408.pdf,3,Y
2026-04-08_IBK투자증권_LGES,2026-04-08,IBK투자증권,LGES,기업,1Q26 잠정 실적 코멘트,파일명,이현욱,IBK투자증권_LG에너지솔루션_1Q26 잠정 실적 코멘트_20260408.pdf,inbox/IBK투자증권_LG에너지솔루션_1Q26 잠정 실적 코멘트_20260408.pdf,2,Y
2026-04-08_NH투자증권_LGES,2026-04-08,NH투자증권,LGES,기업,1Q26 실적 저점 확인,파일명,주민우,NH투자증권_LG에너지솔루션_1Q26 실적 저점 확인_20260408.pdf,inbox/NH투자증권_LG에너지솔루션_1Q26 실적 저점 확인_20260408.pdf,9,Y
2026-04-08_iM증권_LGES,2026-04-08,iM증권,LGES,기업,1Q26 저점으로 ESS 중심 실적 회복세 전망,파일명,정원석,iM증권_LG에너지솔루션_1Q26 저점으로 ESS 중심 실적 회복세 전망_20260408.pdf,inbox/iM증권_LG에너지솔루션_1Q26 저점으로 ESS 중심 실적 회복세 전망_20260408.pdf,6,Y
2026-04-08_교보증권_LGES,2026-04-08,교보증권,LGES,기업,1Q26 잠정실적,파일명,,교보증권_LG에너지솔루션_1Q26 잠정실적_20260408.pdf,inbox/교보증권_LG에너지솔루션_1Q26 잠정실적_20260408.pdf,2,Y
2026-04-08_교보증권_삼성SDI,2026-04-08,교보증권,삼성SDI,기업,1Q26 Preview,파일명,,교보증권_삼성SDI_1Q26 Preview_20260408.pdf,inbox/교보증권_삼성SDI_1Q26 Preview_20260408.pdf,3,Y
2026-04-08_다올투자증권_LGES,2026-04-08,다올투자증권,LGES,기업,1Q26 잠정실적 발표 시작은 다소 아쉬운,파일명,유지웅,다올투자증권_LG에너지솔루션_1Q26 잠정실적 발표 시작은 다소 아쉬운_20260408.pdf,inbox/다올투자증권_LG에너지솔루션_1Q26 잠정실적 발표 시작은 다소 아쉬운_20260408.pdf,2,Y
2026-04-08_메리츠증권_LGES,2026-04-08,메리츠증권,LGES,기업,1Q26P 잠정실적 발표,파일명,노우호,메리츠증권_LG에너지솔루션_1Q26P 잠정실적 발표_20260408.pdf,inbox/메리츠증권_LG에너지솔루션_1Q26P 잠정실적 발표_20260408.pdf,3,Y
2026-04-08_삼성증권_LGES,2026-04-08,삼성증권,LGES,기업,1Q26 잠정 실적 - 예상치 부합,파일명,조현렬,삼성증권_LG에너지솔루션_1Q26 잠정 실적 - 예상치 부합_20260408.pdf,inbox/삼성증권_LG에너지솔루션_1Q26 잠정 실적 - 예상치 부합_20260408.pdf,7,Y
2026-04-08_신영증권_LGES,2026-04-08,신영증권,LGES,기업,1분기 잠정 실적 코멘트,파일명,박진수,신영증권_LG에너지솔루션_1분기 잠정 실적 코멘트_20260408.pdf,inbox/신영증권_LG에너지솔루션_1분기 잠정 실적 코멘트_20260408.pdf,2,Y
2026-04-08_신한투자증권_LGES,2026-04-08,신한투자증권,LGES,기업,LG에너지솔루션 1Q26 잠정실적 발표,파일명,"이진명, 김명주",신한투자증권_LG에너지솔루션_LG에너지솔루션 1Q26 잠정실적 발표_20260408.pdf,inbox/신한투자증권_LG에너지솔루션_LG에너지솔루션 1Q26 잠정실적 발표_20260408.pdf,2,Y
2026-04-08_키움증권_LGES,2026-04-08,키움증권,LGES,기업,"1Q26 잠정 실적 리뷰 컨센서스 대비 매출은 상회, 영업이익은 하회",파일명,권준수,"키움증권_LG에너지솔루션_1Q26 잠정 실적 리뷰 컨센서스 대비 매출은 상회, 영업이익은 하회_20260408.pdf","inbox/키움증권_LG에너지솔루션_1Q26 잠정 실적 리뷰 컨센서스 대비 매출은 상회, 영업이익은 하회_20260408.pdf",3,Y
2026-04-08_하나증권_LGES,2026-04-08,하나증권,LGES,기업,EV 부진 지속,파일명,김현수,하나증권_LG에너지솔루션_EV 부진 지속_20260408.pdf,inbox/하나증권_LG에너지솔루션_EV 부진 지속_20260408.pdf,4,Y
2026-04-08_한화투자증권_LGES,2026-04-08,한화투자증권,LGES,기업,1Q26 잠정실적 코멘트 - EV 부진을 ESS로 빠르게 메우는 중,파일명,이용욱,한화투자증권_LG에너지솔루션_1Q26 잠정실적 코멘트 - EV 부진을 ESS로 빠르게 메우는 중_20260408.pdf,inbox/한화투자증권_LG에너지솔루션_1Q26 잠정실적 코멘트 - EV 부진을 ESS로 빠르게 메우는 중_20260408.pdf,4,Y
2026-04-08_흥국증권_삼성SDI,2026-04-08,흥국증권,삼성SDI,기업,ESS 생산 체제 안정화,파일명,정진수,흥국증권_삼성SDI_ESS 생산 체제 안정화_20260408.pdf,inbox/흥국증권_삼성SDI_ESS 생산 체제 안정화_20260408.pdf,5,Y
2026-04-09_LS증권_LGES,2026-04-09,LS증권,LGES,기업,"1분기 잠정 실적 기대치 하회, 회계기준 변경",파일명,정경희,"LS증권_LG에너지솔루션_1분기 잠정 실적 기대치 하회, 회계기준 변경_20260409.pdf","inbox/LS증권_LG에너지솔루션_1분기 잠정 실적 기대치 하회, 회계기준 변경_20260409.pdf",8,Y
2026-04-09_유안타증권_LGES,2026-04-09,유안타증권,LGES,기업,영업이익 기준 컨센서스 하회 실적 기록,파일명,이안나,유안타증권_LG에너지솔루션_영업이익 기준 컨센서스 하회 실적 기록_20260409.pdf,inbox/유안타증권_LG에너지솔루션_영업이익 기준 컨센서스 하회 실적 기록_20260409.pdf,3,Y
2026-04-09_흥국증권_LGES,2026-04-09,흥국증권,LGES,기업,ESS 성장 과도기,파일명,정진수,흥국증권_LG에너지솔루션_ESS 성장 과도기_20260409.pdf,inbox/흥국증권_LG에너지솔루션_ESS 성장 과도기_20260409.pdf,5,Y
2026-05-04_DB증권_LGES,2026-05-04,DB증권,LGES,기업,원통형 전지 활약에 주목,파일명,안회수,DB증권_LG에너지솔루션_원통형 전지 활약에 주목_20260504.pdf,inbox/DB증권_LG에너지솔루션_원통형 전지 활약에 주목_20260504.pdf,4,Y
2026-05-04_DS투자증권_LGES,2026-05-04,DS투자증권,LGES,기업,소형전지에 관심 필요,파일명,최태용,DS투자증권_LG에너지솔루션_소형전지에 관심 필요_20260504.pdf,inbox/DS투자증권_LG에너지솔루션_소형전지에 관심 필요_20260504.pdf,4,Y
2026-05-04_IBK투자증권_LGES,2026-05-04,IBK투자증권,LGES,기업,매 분기 성장 예정,파일명,이현욱,IBK투자증권_LG에너지솔루션_매 분기 성장 예정_20260504.pdf,inbox/IBK투자증권_LG에너지솔루션_매 분기 성장 예정_20260504.pdf,6,Y
2026-05-04_IBK투자증권_SK온,2026-05-04,IBK투자증권,SK온,기업,공급 충격의 누적이 시작됐다,파일명,이동욱,IBK투자증권_SK이노베이션_공급 충격의 누적이 시작됐다_20260504.pdf,inbox/IBK투자증권_SK이노베이션_공급 충격의 누적이 시작됐다_20260504.pdf,4,Y
2026-05-04_NH투자증권_LGES,2026-05-04,NH투자증권,LGES,기업,하반기부터 질적 개선,파일명,주민우,NH투자증권_LG에너지솔루션_하반기부터 질적 개선_20260504.pdf,inbox/NH투자증권_LG에너지솔루션_하반기부터 질적 개선_20260504.pdf,9,Y
2026-05-04_교보증권_LGES,2026-05-04,교보증권,LGES,기업,1Q26 Review ESS 체질 전환 가속화,파일명,최보영,교보증권_LG에너지솔루션_1Q26 Review ESS 체질 전환 가속화_20260504.pdf,inbox/교보증권_LG에너지솔루션_1Q26 Review ESS 체질 전환 가속화_20260504.pdf,4,Y
2026-05-04_다올투자증권_LGES,2026-05-04,다올투자증권,LGES,기업,1Q26 Review 업황은 턴 했다,파일명,유지웅,다올투자증권_LG에너지솔루션_1Q26 Review 업황은 턴 했다_20260504.pdf,inbox/다올투자증권_LG에너지솔루션_1Q26 Review 업황은 턴 했다_20260504.pdf,7,Y
2026-05-04_메리츠증권_LGES,2026-05-04,메리츠증권,LGES,기업,기회 요인,파일명,노우호,메리츠증권_LG에너지솔루션_기회 요인_20260504.pdf,inbox/메리츠증권_LG에너지솔루션_기회 요인_20260504.pdf,6,Y
2026-05-04_미래에셋증권_LGES,2026-05-04,미래에셋증권,LGES,기업,실적 바닥 통과 구간에 일어난 전쟁,파일명,"김철중, 정세훈",미래에셋증권_LG에너지솔루션_실적 바닥 통과 구간에 일어난 전쟁_20260504.pdf,inbox/미래에셋증권_LG에너지솔루션_실적 바닥 통과 구간에 일어난 전쟁_20260504.pdf,5,Y
2026-05-04_신영증권_LGES,2026-05-04,신영증권,LGES,기업,2분기부터 재차 증익 구간 진입,파일명,박진수,신영증권_LG에너지솔루션_2분기부터 재차 증익 구간 진입_20260504.pdf,inbox/신영증권_LG에너지솔루션_2분기부터 재차 증익 구간 진입_20260504.pdf,6,Y
2026-05-04_신한투자증권_LGES,2026-05-04,신한투자증권,LGES,기업,1분기가 저점,파일명,"이진명, 김명주",신한투자증권_LG에너지솔루션_1분기가 저점_20260504.pdf,inbox/신한투자증권_LG에너지솔루션_1분기가 저점_20260504.pdf,7,Y
2026-05-04_키움증권_LGES,2026-05-04,키움증권,LGES,기업,북미 ESS CAPA 역량에 주목할 필요,파일명,권준수,키움증권_LG에너지솔루션_북미 ESS CAPA 역량에 주목할 필요_20260504.pdf,inbox/키움증권_LG에너지솔루션_북미 ESS CAPA 역량에 주목할 필요_20260504.pdf,7,Y
2026-05-04_하나증권_LGES,2026-05-04,하나증권,LGES,기업,주가 하방 압력 제한적,파일명,김현수,하나증권_LG에너지솔루션_주가 하방 압력 제한적_20260504.pdf,inbox/하나증권_LG에너지솔루션_주가 하방 압력 제한적_20260504.pdf,4,Y
2026-05-04_한화투자증권_LGES,2026-05-04,한화투자증권,LGES,기업,"ESS의 가파른 성장과 46-Series 가세, 확실한 턴어라운드 진입",파일명,이용욱,"한화투자증권_LG에너지솔루션_ESS의 가파른 성장과 46-Series 가세, 확실한 턴어라운드 진입_20260504.pdf","inbox/한화투자증권_LG에너지솔루션_ESS의 가파른 성장과 46-Series 가세, 확실한 턴어라운드 진입_20260504.pdf",5,Y
2026-05-04_현대차증권_LGES,2026-05-04,현대차증권,LGES,기업,"아쉬운 1분기. 하지만, 방향성은 유효",파일명,강동진,"현대차증권_LG에너지솔루션_아쉬운 1분기. 하지만, 방향성은 유효_20260504.pdf","inbox/현대차증권_LG에너지솔루션_아쉬운 1분기. 하지만, 방향성은 유효_20260504.pdf",7,Y
2026-05-06_대신증권_LGES,2026-05-06,대신증권,LGES,기업,꽉 차 있는 수주 창고,파일명,김귀연,대신증권_LG에너지솔루션_꽉 차 있는 수주 창고_20260506.pdf,inbox/대신증권_LG에너지솔루션_꽉 차 있는 수주 창고_20260506.pdf,8,Y
2026-05-06_대신증권_삼성SDI,2026-05-06,대신증권,삼성SDI,기업,안정성에 성장성까지!,파일명,김귀연,대신증권_삼성SDI_안정성에 성장성까지!_20260506.pdf,inbox/대신증권_삼성SDI_안정성에 성장성까지!_20260506.pdf,8,Y
2026-05-06_유안타증권_LGES,2026-05-06,유안타증권,LGES,기업,불확실성 해소된 현 시점 투자매력도 높음,파일명,,유안타증권_LG에너지솔루션_불확실성 해소된 현 시점 투자매력도 높음_20260506.pdf,inbox/유안타증권_LG에너지솔루션_불확실성 해소된 현 시점 투자매력도 높음_20260506.pdf,3,Y
2026-05-06_유안타증권_삼성SDI,2026-05-06,유안타증권,삼성SDI,기업,"남아있는 모멘텀, 올해 셀 Top Pick 유지",파일명,,"유안타증권_삼성SDI_남아있는 모멘텀, 올해 셀 Top Pick 유지_20260506.pdf","inbox/유안타증권_삼성SDI_남아있는 모멘텀, 올해 셀 Top Pick 유지_20260506.pdf",4,Y
2026-05-06_유진투자증권_LGES,2026-05-06,유진투자증권,LGES,기업,ESS + 4680이 견인하는 실적,파일명,황성현,유진투자증권_LG에너지솔루션_ESS + 4680이 견인하는 실적_20260506.pdf,inbox/유진투자증권_LG에너지솔루션_ESS + 4680이 견인하는 실적_20260506.pdf,11,Y
2026-05-08_상상인증권_삼성SDI,2026-05-08,상상인증권,삼성SDI,기업,xEV 와 ESS 향 매출 동반성장을 기대,파일명,유민기,상상인증권_삼성SDI_xEV 와 ESS 향 매출 동반성장을 기대_20260508.pdf,inbox/상상인증권_삼성SDI_xEV 와 ESS 향 매출 동반성장을 기대_20260508.pdf,5,Y
2026-05-11_iM증권_LGES,2026-05-11,iM증권,LGES,기업,ESS 수주가 다 찼다,파일명,정원석,iM증권_LG에너지솔루션_ESS 수주가 다 찼다_20260511.pdf,inbox/iM증권_LG에너지솔루션_ESS 수주가 다 찼다_20260511.pdf,6,Y
2026-05-11_iM증권_SK온,2026-05-11,iM증권,SK온,기업,전 사업부에서 누리는 고유가 + ESS 확대 기회,파일명,전유진,iM증권_SK이노베이션_전 사업부에서 누리는 고유가 + ESS 확대 기회_20260511.pdf,inbox/iM증권_SK이노베이션_전 사업부에서 누리는 고유가 + ESS 확대 기회_20260511.pdf,9,Y
2026-05-11_iM증권_삼성SDI,2026-05-11,iM증권,삼성SDI,기업,AIDC향 ESS의 중장기적인 성장성 확보,파일명,정원석,iM증권_삼성SDI_AIDC향 ESS의 중장기적인 성장성 확보_20260511.pdf,inbox/iM증권_삼성SDI_AIDC향 ESS의 중장기적인 성장성 확보_20260511.pdf,6,Y
2026-05-12_LS증권_LGES,2026-05-12,LS증권,LGES,기업,낮아지는 눈높이,파일명,정경희,LS증권_LG에너지솔루션_낮아지는 눈높이_20260512.pdf,inbox/LS증권_LG에너지솔루션_낮아지는 눈높이_20260512.pdf,4,Y
2026-05-12_LS증권_삼성SDI,2026-05-12,LS증권,삼성SDI,기업,상대적으로 양호한 포지션 대비 높은 가격,파일명,정경희,LS증권_삼성SDI_상대적으로 양호한 포지션 대비 높은 가격_20260512.pdf,inbox/LS증권_삼성SDI_상대적으로 양호한 포지션 대비 높은 가격_20260512.pdf,4,Y
2026-05-13_KB증권_SK온,2026-05-13,KB증권,SK온,기업,"호르무즈 영향으로, 9개 사업부 모두 대폭 증익!",파일명,전우제,"KB증권_SK이노베이션_호르무즈 영향으로, 9개 사업부 모두 대폭 증익!_20260513.pdf","inbox/KB증권_SK이노베이션_호르무즈 영향으로, 9개 사업부 모두 대폭 증익!_20260513.pdf",9,Y
2026-05-14_IBK투자증권_SK온,2026-05-14,IBK투자증권,SK온,기업,"올해 1분기 영업이익, 2조원 상회",파일명,이동욱,"IBK투자증권_SK이노베이션_올해 1분기 영업이익, 2조원 상회_20260514.pdf","inbox/IBK투자증권_SK이노베이션_올해 1분기 영업이익, 2조원 상회_20260514.pdf",4,Y
2026-05-14_iM증권_SK온,2026-05-14,iM증권,SK온,기업,국내 정유사들 중에서 차별화되는 포인트 2가지,파일명,전유진,iM증권_SK이노베이션_국내 정유사들 중에서 차별화되는 포인트 2가지_20260514.pdf,inbox/iM증권_SK이노베이션_국내 정유사들 중에서 차별화되는 포인트 2가지_20260514.pdf,8,Y
2026-05-14_메리츠증권_SK온,2026-05-14,메리츠증권,SK온,기업,1Q26 Review 예상치 상회,파일명,노우호,메리츠증권_SK이노베이션_1Q26 Review 예상치 상회_20260514.pdf,inbox/메리츠증권_SK이노베이션_1Q26 Review 예상치 상회_20260514.pdf,6,Y
2026-05-14_신한투자증권_SK온,2026-05-14,신한투자증권,SK온,기업,예견된 정유 호실적,파일명,"이진명, 김명주",신한투자증권_SK이노베이션_예견된 정유 호실적_20260514.pdf,inbox/신한투자증권_SK이노베이션_예견된 정유 호실적_20260514.pdf,7,Y
2026-05-14_유진투자증권_SK온,2026-05-14,유진투자증권,SK온,기업,풀가동으로 전략 전환,파일명,황성현,유진투자증권_SK이노베이션_풀가동으로 전략 전환_20260514.pdf,inbox/유진투자증권_SK이노베이션_풀가동으로 전략 전환_20260514.pdf,8,Y
2026-05-14_하나증권_SK온,2026-05-14,하나증권,SK온,기업,단기 실적 변동성 vs. 중장기 호황,파일명,윤재성,하나증권_SK이노베이션_단기 실적 변동성 vs. 중장기 호황_20260514.pdf,inbox/하나증권_SK이노베이션_단기 실적 변동성 vs. 중장기 호황_20260514.pdf,5,Y
2026-05-14_한화투자증권_SK온,2026-05-14,한화투자증권,SK온,기업,"에너지 안보 시대, 전통에너지 가치 재평가",파일명,이용욱,"한화투자증권_SK이노베이션_에너지 안보 시대, 전통에너지 가치 재평가_20260514.pdf","inbox/한화투자증권_SK이노베이션_에너지 안보 시대, 전통에너지 가치 재평가_20260514.pdf",6,Y
2026-05-17_유진투자증권_산업,2026-05-17,유진투자증권,산업,산업,2H26 OUTLOOK 화려한 배터리 테마주 장세 시작,파일명,한병화,유진투자증권_전자장비와기기_2H26 OUTLOOK 화려한 배터리 테마주 장세 시작_20260517.pdf,inbox/유진투자증권_전자장비와기기_2H26 OUTLOOK 화려한 배터리 테마주 장세 시작_20260517.pdf,101,Y
2026-05-21_버핏연구소_삼성SDI,2026-05-21,버핏연구소,삼성SDI,기업,이차전지 최악 업황 지나고 ESS 쑥쑥,파일명,이승윤,버핏연구소_삼성SDI_이차전지 최악 업황 지나고 ESS 쑥쑥_20260521.pdf,inbox/버핏연구소_삼성SDI_이차전지 최악 업황 지나고 ESS 쑥쑥_20260521.pdf,9,Y
2026-05-22_유안타증권_SK온,2026-05-22,유안타증권,SK온,기업,국민 에너지 기업으로 재평가 되어야…,파일명,황규원,유안타증권_SK이노베이션_국민 에너지 기업으로 재평가 되어야…_20260522.pdf,inbox/유안타증권_SK이노베이션_국민 에너지 기업으로 재평가 되어야…_20260522.pdf,8,Y
2026-05-26_미래에셋증권_LGES,2026-05-26,미래에셋증권,LGES,기업,각형 전환 본격화. 46 원통형 선두 주자,파일명,"김철중, 정세훈",미래에셋증권_LG에너지솔루션_각형 전환 본격화. 46 원통형 선두 주자_20260526.pdf,inbox/미래에셋증권_LG에너지솔루션_각형 전환 본격화. 46 원통형 선두 주자_20260526.pdf,3,Y
2026-05-26_미래에셋증권_삼성SDI,2026-05-26,미래에셋증권,삼성SDI,기업,"자금력, 점유율 회복, 실적 회복의 3박자",파일명,"김철중, 정세훈","미래에셋증권_삼성SDI_자금력, 점유율 회복, 실적 회복의 3박자_20260526.pdf","inbox/미래에셋증권_삼성SDI_자금력, 점유율 회복, 실적 회복의 3박자_20260526.pdf",3,Y
2026-05-28_NH투자증권_LGES,2026-05-28,NH투자증권,LGES,기업,ESS 수주가 쏟아질 예정,파일명,주민우,NH투자증권_LG에너지솔루션_ESS 수주가 쏟아질 예정_20260528.pdf,inbox/NH투자증권_LG에너지솔루션_ESS 수주가 쏟아질 예정_20260528.pdf,2,Y
2026-05-28_키움증권_삼성SDI,2026-05-28,키움증권,삼성SDI,기업,실적은 최악의 구간을 지나가는 시점,파일명,권준수,키움증권_삼성SDI_실적은 최악의 구간을 지나가는 시점_20260528.pdf,inbox/키움증권_삼성SDI_실적은 최악의 구간을 지나가는 시점_20260528.pdf,4,Y
2026-06-02_LS증권_LGES,2026-06-02,LS증권,LGES,기업,"4월 EV향 data, DTE 수주 및 미국 ESS",파일명,정경희,"LS증권_LG에너지솔루션_4월 EV향 data, DTE 수주 및 미국 ESS_20260602.pdf","inbox/LS증권_LG에너지솔루션_4월 EV향 data, DTE 수주 및 미국 ESS_20260602.pdf",18,Y
2026-06-04_KB증권_LGES,2026-06-04,KB증권,LGES,기업,"투자포인트 ③ EV 정상화, ④ 2027년 FCF 흑자전환 시작",파일명,"전우제, 송윤주","KB증권_LG에너지솔루션_투자포인트 ③ EV 정상화, ④ 2027년 FCF 흑자전환 시작_20260604.pdf","inbox/KB증권_LG에너지솔루션_투자포인트 ③ EV 정상화, ④ 2027년 FCF 흑자전환 시작_20260604.pdf",10,Y
2026-06-05_LS증권_삼성SDI,2026-06-05,LS증권,삼성SDI,기업,"4월 EV향 data, 역성장 지속 우려",파일명,정경희,"LS증권_삼성SDI_4월 EV향 data, 역성장 지속 우려_20260605.pdf","inbox/LS증권_삼성SDI_4월 EV향 data, 역성장 지속 우려_20260605.pdf",14,Y
2026-06-08_하나증권_산업,2026-06-08,하나증권,산업,산업,배터리 투자자가 준비해야 하는 3가지,파일명,김현수,하나증권_전자장비와기기_배터리 투자자가 준비해야 하는 3가지_20260608.pdf,inbox/하나증권_전자장비와기기_배터리 투자자가 준비해야 하는 3가지_20260608.pdf,30,Y
2026-06-09_SK증권_삼성SDI,2026-06-09,SK증권,삼성SDI,기업,"저점은 지났다, 회복의 축은 ESS소형",파일명,박형우,"SK증권_삼성SDI_저점은 지났다, 회복의 축은 ESS소형_20260609.pdf","inbox/SK증권_삼성SDI_저점은 지났다, 회복의 축은 ESS소형_20260609.pdf",7,Y
2026-06-11_삼성증권_삼성SDI,2026-06-11,삼성증권,삼성SDI,기업,예상보다 빠른 3분기 흑자 전환 기대,파일명,장정훈,삼성증권_삼성SDI_예상보다 빠른 3분기 흑자 전환 기대_20260611.pdf,inbox/삼성증권_삼성SDI_예상보다 빠른 3분기 흑자 전환 기대_20260611.pdf,6,Y
2026-06-15_LS증권_SK온,2026-06-15,LS증권,SK온,기업,업데이트 노트,파일명,정경희,LS증권_SK이노베이션_업데이트 노트_20260615.pdf,inbox/LS증권_SK이노베이션_업데이트 노트_20260615.pdf,17,Y
2026-06-15_핀릿_삼성SDI,2026-06-15,핀릿,삼성SDI,기업,배터리주가 아니라 로봇 심장주로 봐야 하는 이유,파일명,김영진,핀릿_삼성SDI_배터리주가 아니라 로봇 심장주로 봐야 하는 이유_20260615.pdf,inbox/핀릿_삼성SDI_배터리주가 아니라 로봇 심장주로 봐야 하는 이유_20260615.pdf,3,Y
2026-06-16_iM증권_SK온,2026-06-16,iM증권,SK온,기업,미국 TerraPower 방문 후기  중장기 SMR 경쟁력에 대한 소고,파일명,전유진,iM증권_SK이노베이션_미국 TerraPower 방문 후기  중장기 SMR 경쟁력에 대한 소고_20260616.pdf,inbox/iM증권_SK이노베이션_미국 TerraPower 방문 후기  중장기 SMR 경쟁력에 대한 소고_20260616.pdf,8,Y
2026-06-17_삼성증권_LGES,2026-06-17,삼성증권,LGES,기업,2H26 Outlook - 대규모 ESS 수주 본격화,파일명,조현렬,삼성증권_LG에너지솔루션_2H26 Outlook - 대규모 ESS 수주 본격화_20260617.pdf,inbox/삼성증권_LG에너지솔루션_2H26 Outlook - 대규모 ESS 수주 본격화_20260617.pdf,7,Y
2026-06-18_KB증권_LGES,2026-06-18,KB증권,LGES,기업,1~5월 국내 EV 판매 +122% YoY 급등은 긍정적,파일명,전우제,KB증권_LG에너지솔루션_1~5월 국내 EV 판매 +122% YoY 급등은 긍정적_20260618.pdf,inbox/KB증권_LG에너지솔루션_1~5월 국내 EV 판매 +122% YoY 급등은 긍정적_20260618.pdf,9,Y
2026-06-18_KB증권_SK온,2026-06-18,KB증권,SK온,기업,"국내 EV 판매 호조로, 배터리 판매량 +5~10% 추가 예상",파일명,전우제,"KB증권_SK이노베이션_국내 EV 판매 호조로, 배터리 판매량 +5~10% 추가 예상_20260618.pdf","inbox/KB증권_SK이노베이션_국내 EV 판매 호조로, 배터리 판매량 +5~10% 추가 예상_20260618.pdf",12,Y
2026-06-18_다올투자증권_LGES,2026-06-18,다올투자증권,LGES,기업,2Q26 Preview 좋아지기 시작,파일명,유지웅,다올투자증권_LG에너지솔루션_2Q26 Preview 좋아지기 시작_20260618.pdf,inbox/다올투자증권_LG에너지솔루션_2Q26 Preview 좋아지기 시작_20260618.pdf,6,Y
2026-06-24_유안타증권_LGES,2026-06-24,유안타증권,LGES,기업,미국 ESS 현지화의 최대 수혜,파일명,이안나,유안타증권_LG에너지솔루션_미국 ESS 현지화의 최대 수혜_20260624.pdf,inbox/유안타증권_LG에너지솔루션_미국 ESS 현지화의 최대 수혜_20260624.pdf,3,Y
2026-06-24_유안타증권_삼성SDI,2026-06-24,유안타증권,삼성SDI,기업,ESS 전 라인업 중심으로 외형성장 지속,파일명,이안나,유안타증권_삼성SDI_ESS 전 라인업 중심으로 외형성장 지속_20260624.pdf,inbox/유안타증권_삼성SDI_ESS 전 라인업 중심으로 외형성장 지속_20260624.pdf,3,Y
2026-06-25_NH투자증권_LGES,2026-06-25,NH투자증권,LGES,기업,점진적인 개선세,파일명,주민우,NH투자증권_LG에너지솔루션_점진적인 개선세_20260625.pdf,inbox/NH투자증권_LG에너지솔루션_점진적인 개선세_20260625.pdf,9,Y
2026-06-25_NH투자증권_삼성SDI,2026-06-25,NH투자증권,삼성SDI,기업,릴레이 수주,파일명,주민우,NH투자증권_삼성SDI_릴레이 수주_20260625.pdf,inbox/NH투자증권_삼성SDI_릴레이 수주_20260625.pdf,8,Y
2026-06-26_미래에셋증권_삼성SDI,2026-06-26,미래에셋증권,삼성SDI,기업,"2Q26, 7개 분기만의 영업흑자 전환 예상",파일명,"김철중, 정세훈","미래에셋증권_삼성SDI_2Q26, 7개 분기만의 영업흑자 전환 예상_20260626.pdf","inbox/미래에셋증권_삼성SDI_2Q26, 7개 분기만의 영업흑자 전환 예상_20260626.pdf",5,Y
2026-06-29_LS증권_SK온,2026-06-29,LS증권,SK온,기업,"파우치 Only 부메랑, WACC보다 낮은 ROIC",파일명,정경희,"LS증권_SK이노베이션_파우치 Only 부메랑, WACC보다 낮은 ROIC_20260629.pdf","inbox/LS증권_SK이노베이션_파우치 Only 부메랑, WACC보다 낮은 ROIC_20260629.pdf",16,Y
2026-06-30_iM증권_LGES,2026-06-30,iM증권,LGES,기업,ESS의 가파른 성장세 본격화,파일명,정원석,iM증권_LG에너지솔루션_ESS의 가파른 성장세 본격화_20260630.pdf,inbox/iM증권_LG에너지솔루션_ESS의 가파른 성장세 본격화_20260630.pdf,7,Y
2026-06-30_iM증권_삼성SDI,2026-06-30,iM증권,삼성SDI,기업,"밸류에이션 부담 완화, 비중 확대 시점",파일명,정원석,"iM증권_삼성SDI_밸류에이션 부담 완화, 비중 확대 시점_20260630.pdf","inbox/iM증권_삼성SDI_밸류에이션 부담 완화, 비중 확대 시점_20260630.pdf",6,Y
2026-07-02_메리츠증권_LGES,2026-07-02,메리츠증권,LGES,기업,중대형 전지 부진은 고민거리,파일명,노우호,메리츠증권_LG에너지솔루션_중대형 전지 부진은 고민거리_20260702.pdf,inbox/메리츠증권_LG에너지솔루션_중대형 전지 부진은 고민거리_20260702.pdf,6,Y
2026-07-03_BNK투자증권_SK온,2026-07-03,BNK투자증권,SK온,기업,윤활유 최대 실적으로 SK온 실적 및 현금흐름 개선,파일명,김현태,BNK투자증권_SK이노베이션_윤활유 최대 실적으로 SK온 실적 및 현금흐름 개선_20260703.pdf,inbox/BNK투자증권_SK이노베이션_윤활유 최대 실적으로 SK온 실적 및 현금흐름 개선_20260703.pdf,7,Y
2026-07-30_KB증권_LGES,2026-07-30,KB증권,LGES,기업,상반기 바닥 확인,파일명,"전우제, 송윤주",KB증권_LG에너지솔루션_상반기 바닥 확인_20260730.pdf,inbox/KB증권_LG에너지솔루션_상반기 바닥 확인_20260730.pdf,8,Y
2026-07-30_KB증권_SK온,2026-07-30,KB증권,SK온,기업,정유. 사. 3Q도 증익 가능성. 배터리 재평가도 필요하다,파일명,전우제,KB증권_SK이노베이션_정유. 사. 3Q도 증익 가능성. 배터리 재평가도 필요하다_20260731.pdf,inbox/KB증권_SK이노베이션_정유. 사. 3Q도 증익 가능성. 배터리 재평가도 필요하다_20260731.pdf,10,Y
2026-07-30_삼성증권_LGES,2026-07-30,삼성증권,LGES,기업,2Q26 review - ESS 성장통에도 이익 개선세 유효,파일명,조현렬,삼성증권_LG에너지솔루션_2Q26 review - ESS 성장통에도 이익 개선세 유효_20260730.pdf,inbox/삼성증권_LG에너지솔루션_2Q26 review - ESS 성장통에도 이익 개선세 유효_20260730.pdf,9,Y
2026-07-31_BNK투자증권_SK온,2026-07-31,BNK투자증권,SK온,기업,2026년 연간OP 약 10조원 예상,파일명,김현태,BNK투자증권_SK이노베이션_2026년 연간OP 약 10조원 예상_20260731.pdf,inbox/BNK투자증권_SK이노베이션_2026년 연간OP 약 10조원 예상_20260731.pdf,6,Y
2026-07-31_DB증권_LGES,2026-07-31,DB증권,LGES,기업,하반기 수주 모멘텀 집중으로 섹터 대장 확인,파일명,안회수,DB증권_LG에너지솔루션_하반기 수주 모멘텀 집중으로 섹터 대장 확인_20260731.pdf,inbox/DB증권_LG에너지솔루션_하반기 수주 모멘텀 집중으로 섹터 대장 확인_20260731.pdf,3,Y
2026-07-31_DB증권_SK온,2026-07-31,DB증권,SK온,기업,실적 추가 상향 대비,파일명,한승재,DB증권_SK이노베이션_실적 추가 상향 대비_20260731.pdf,inbox/DB증권_SK이노베이션_실적 추가 상향 대비_20260731.pdf,3,Y
2026-07-31_DB증권_삼성SDI,2026-07-31,DB증권,삼성SDI,기업,"하반기 흑자 지속, ESS 증설 가능성",파일명,안회수,"DB증권_삼성SDI_하반기 흑자 지속, ESS 증설 가능성_20260731.pdf","inbox/DB증권_삼성SDI_하반기 흑자 지속, ESS 증설 가능성_20260731.pdf",4,Y
2026-07-31_DS투자증권_LGES,2026-07-31,DS투자증권,LGES,기업,"지연된 물량, 채워지는 수주",파일명,최태용,"DS투자증권_LG에너지솔루션_지연된 물량, 채워지는 수주_20260731.pdf","inbox/DS투자증권_LG에너지솔루션_지연된 물량, 채워지는 수주_20260731.pdf",4,Y
2026-07-31_IBK투자증권_LGES,2026-07-31,IBK투자증권,LGES,기업,90 - 20 = 70,파일명,이현욱,IBK투자증권_LG에너지솔루션_90 - 20 = 70_20260731.pdf,inbox/IBK투자증권_LG에너지솔루션_90 - 20 = 70_20260731.pdf,6,Y
2026-07-31_IBK투자증권_SK온,2026-07-31,IBK투자증권,SK온,기업,윤활기유가 이끈 어닝 서프라이즈,파일명,이동욱,IBK투자증권_SK이노베이션_윤활기유가 이끈 어닝 서프라이즈_20260731.pdf,inbox/IBK투자증권_SK이노베이션_윤활기유가 이끈 어닝 서프라이즈_20260731.pdf,4,Y
2026-07-31_IBK투자증권_삼성SDI,2026-07-31,IBK투자증권,삼성SDI,기업,ESS가 좋은 날,파일명,이현욱,IBK투자증권_삼성SDI_ESS가 좋은 날_20260731.pdf,inbox/IBK투자증권_삼성SDI_ESS가 좋은 날_20260731.pdf,5,Y
2026-07-31_LS증권_SK온,2026-07-31,LS증권,SK온,기업,2Q26 Review,파일명,정경희,LS증권_SK이노베이션_2Q26 Review_20260731.pdf,inbox/LS증권_SK이노베이션_2Q26 Review_20260731.pdf,7,Y
2026-07-31_LS증권_삼성SDI,2026-07-31,LS증권,삼성SDI,기업,2Q26 Review,파일명,정경희,LS증권_삼성SDI_2Q26 Review_20260731.pdf,inbox/LS증권_삼성SDI_2Q26 Review_20260731.pdf,9,Y
2026-07-31_NH투자증권_LGES,2026-07-31,NH투자증권,LGES,기업,명확한 회복세,파일명,주민우,NH투자증권_LG에너지솔루션_명확한 회복세_20260731.pdf,inbox/NH투자증권_LG에너지솔루션_명확한 회복세_20260731.pdf,10,Y
2026-07-31_NH투자증권_삼성SDI,2026-07-31,NH투자증권,삼성SDI,기업,7분기만에 흑자전환 성공,파일명,주민우,NH투자증권_삼성SDI_7분기만에 흑자전환 성공_20260731.pdf,inbox/NH투자증권_삼성SDI_7분기만에 흑자전환 성공_20260731.pdf,9,Y
2026-07-31_iM증권_LGES,2026-07-31,iM증권,LGES,기업,하반기에도 ESS 중심 실적 개선세 지속,파일명,"정원석, 박정하",iM증권_LG에너지솔루션_하반기에도 ESS 중심 실적 개선세 지속_20260731.pdf,inbox/iM증권_LG에너지솔루션_하반기에도 ESS 중심 실적 개선세 지속_20260731.pdf,6,Y
2026-07-31_iM증권_SK온,2026-07-31,iM증권,SK온,기업,두 번의 전쟁으로 완전히 꼬여 버린 에너지 수급,파일명,전유진,iM증권_SK이노베이션_두 번의 전쟁으로 완전히 꼬여 버린 에너지 수급_20260731.pdf,inbox/iM증권_SK이노베이션_두 번의 전쟁으로 완전히 꼬여 버린 에너지 수급_20260731.pdf,8,Y
2026-07-31_iM증권_삼성SDI,2026-07-31,iM증권,삼성SDI,기업,ESS로의 사업 전환 가속화 전망,파일명,"정원석, 박정하",iM증권_삼성SDI_ESS로의 사업 전환 가속화 전망_20260731.pdf,inbox/iM증권_삼성SDI_ESS로의 사업 전환 가속화 전망_20260731.pdf,6,Y
2026-07-31_다올투자증권_LGES,2026-07-31,다올투자증권,LGES,기업,2Q26 review 출발 준비,파일명,유지웅,다올투자증권_LG에너지솔루션_2Q26 review 출발 준비_20260731.pdf,inbox/다올투자증권_LG에너지솔루션_2Q26 review 출발 준비_20260731.pdf,7,Y
2026-07-31_대신증권_삼성SDI,2026-07-31,대신증권,삼성SDI,기업,예상보다 빨라진 흑전,파일명,김귀연,대신증권_삼성SDI_예상보다 빨라진 흑전_20260731.pdf,inbox/대신증권_삼성SDI_예상보다 빨라진 흑전_20260731.pdf,5,Y
2026-07-31_메리츠증권_LGES,2026-07-31,메리츠증권,LGES,기업,경쟁력 확보 준비 과정,파일명,노우호,메리츠증권_LG에너지솔루션_경쟁력 확보 준비 과정_20260731.pdf,inbox/메리츠증권_LG에너지솔루션_경쟁력 확보 준비 과정_20260731.pdf,6,Y
2026-07-31_메리츠증권_SK온,2026-07-31,메리츠증권,SK온,기업,투자의견 Buy 상향,파일명,노우호,메리츠증권_SK이노베이션_투자의견 Buy 상향_20260731.pdf,inbox/메리츠증권_SK이노베이션_투자의견 Buy 상향_20260731.pdf,8,Y
2026-07-31_미래에셋증권_LGES,2026-07-31,미래에셋증권,LGES,기업,EV도 회복 국면 진입,파일명,김철중,미래에셋증권_LG에너지솔루션_EV도 회복 국면 진입_20260731.pdf,inbox/미래에셋증권_LG에너지솔루션_EV도 회복 국면 진입_20260731.pdf,5,Y
2026-07-31_미래에셋증권_삼성SDI,2026-07-31,미래에셋증권,삼성SDI,기업,바뀐 것이 하나도 없음,파일명,김철중,미래에셋증권_삼성SDI_바뀐 것이 하나도 없음_20260731.pdf,inbox/미래에셋증권_삼성SDI_바뀐 것이 하나도 없음_20260731.pdf,5,Y
2026-07-31_삼성증권_삼성SDI,2026-07-31,삼성증권,삼성SDI,기업,관세 환입 영향 2분기 조기 흑자 전환,파일명,장정훈,삼성증권_삼성SDI_관세 환입 영향 2분기 조기 흑자 전환_20260731.pdf,inbox/삼성증권_삼성SDI_관세 환입 영향 2분기 조기 흑자 전환_20260731.pdf,6,Y
2026-07-31_신영증권_LGES,2026-07-31,신영증권,LGES,기업,단기 눈높이는 낮춰도 방향성은 불변,파일명,박진수,신영증권_LG에너지솔루션_단기 눈높이는 낮춰도 방향성은 불변_20260731.pdf,inbox/신영증권_LG에너지솔루션_단기 눈높이는 낮춰도 방향성은 불변_20260731.pdf,5,Y
2026-07-31_신영증권_SK온,2026-07-31,신영증권,SK온,기업,모두 다 좋아지고 있다,파일명,신홍주,신영증권_SK이노베이션_모두 다 좋아지고 있다_20260731.pdf,inbox/신영증권_SK이노베이션_모두 다 좋아지고 있다_20260731.pdf,5,Y
2026-07-31_신영증권_삼성SDI,2026-07-31,신영증권,삼성SDI,기업,더 큰 서프라이즈,파일명,박진수,신영증권_삼성SDI_더 큰 서프라이즈_20260731.pdf,inbox/신영증권_삼성SDI_더 큰 서프라이즈_20260731.pdf,6,Y
2026-07-31_신한투자증권_LGES,2026-07-31,신한투자증권,LGES,기업,늦어진 만큼 선명해진 회복,파일명,"이진명, 김명주",신한투자증권_LG에너지솔루션_늦어진 만큼 선명해진 회복_20260731.pdf,inbox/신한투자증권_LG에너지솔루션_늦어진 만큼 선명해진 회복_20260731.pdf,7,Y
2026-07-31_신한투자증권_SK온,2026-07-31,신한투자증권,SK온,기업,높아진 이익 체력,파일명,"이진명, 김명주",신한투자증권_SK이노베이션_높아진 이익 체력_20260731.pdf,inbox/신한투자증권_SK이노베이션_높아진 이익 체력_20260731.pdf,7,Y
2026-07-31_신한투자증권_삼성SDI,2026-07-31,신한투자증권,삼성SDI,기업,"흑자전환, 다음은 본업",파일명,"이진명, 김명주","신한투자증권_삼성SDI_흑자전환, 다음은 본업_20260731.pdf","inbox/신한투자증권_삼성SDI_흑자전환, 다음은 본업_20260731.pdf",7,Y
2026-07-31_유진투자증권_LGES,2026-07-31,유진투자증권,LGES,기업,ESS가 이끄는 외형 성장,파일명,황성현,유진투자증권_LG에너지솔루션_ESS가 이끄는 외형 성장_20260731.pdf,inbox/유진투자증권_LG에너지솔루션_ESS가 이끄는 외형 성장_20260731.pdf,12,Y
2026-07-31_유진투자증권_SK온,2026-07-31,유진투자증권,SK온,기업,전쟁 수혜 + 배터리 보상금 반영,파일명,황성현,유진투자증권_SK이노베이션_전쟁 수혜 + 배터리 보상금 반영_20260731.pdf,inbox/유진투자증권_SK이노베이션_전쟁 수혜 + 배터리 보상금 반영_20260731.pdf,7,Y
2026-07-31_키움증권_LGES,2026-07-31,키움증권,LGES,기업,"중장기 성장성 확인, 다만 단기 ESS 수익성 우려",파일명,권준수,"키움증권_LG에너지솔루션_중장기 성장성 확인, 다만 단기 ESS 수익성 우려_20260731.pdf","inbox/키움증권_LG에너지솔루션_중장기 성장성 확인, 다만 단기 ESS 수익성 우려_20260731.pdf",8,Y
2026-07-31_키움증권_삼성SDI,2026-07-31,키움증권,삼성SDI,기업,"분기 흑자전환 달성, 실적 개선 속도는 점검 필요",파일명,권준수,"키움증권_삼성SDI_분기 흑자전환 달성, 실적 개선 속도는 점검 필요_20260731.pdf","inbox/키움증권_삼성SDI_분기 흑자전환 달성, 실적 개선 속도는 점검 필요_20260731.pdf",8,Y
2026-07-31_하나증권_LGES,2026-07-31,하나증권,LGES,기업,하반기 강한 증익 모멘텀,파일명,"김현수, 홍지원",하나증권_LG에너지솔루션_하반기 강한 증익 모멘텀_20260731.pdf,inbox/하나증권_LG에너지솔루션_하반기 강한 증익 모멘텀_20260731.pdf,4,Y
2026-07-31_하나증권_SK온,2026-07-31,하나증권,SK온,기업,컨센 124% 상회. 연간 추정치 상향,파일명,"윤재성, 김형준",하나증권_SK이노베이션_컨센 124% 상회. 연간 추정치 상향_20260731.pdf,inbox/하나증권_SK이노베이션_컨센 124% 상회. 연간 추정치 상향_20260731.pdf,5,Y
2026-07-31_하나증권_삼성SDI,2026-07-31,하나증권,삼성SDI,기업,"Strong Buy, 하반기에도 흑자 지속 전망",파일명,"김현수, 홍지원","하나증권_삼성SDI_Strong Buy, 하반기에도 흑자 지속 전망_20260731.pdf","inbox/하나증권_삼성SDI_Strong Buy, 하반기에도 흑자 지속 전망_20260731.pdf",4,Y
