reclassification,decision_reason,house,coverage,report_date,report_title,source_group,source_file,source_ids,page,page_count,candidate_type,markets,applications,geographies,metrics,units,risk_flags,score,latest_reference_ids,unique_application_signals,selection_anchor_date,age_days,freshness
최신 유효,BNK투자증권·SK온의 2026년 최신 ESS/EV 자료,BNK투자증권,SK온,2026-07-03,윤활유 최대 실적으로 SK온 실적 및 현금흐름 개선,inbox,BNK투자증권_SK이노베이션_윤활유 최대 실적으로 SK온 실적 및 현금흐름 개선_20260703.pdf,2026-07-03_BNK투자증권_SK온,1,7,시장,EV|ESS,,북미|유럽,출하량|점유율,%,수주·계약,13,2026-07-03_BNK투자증권_SK온,,2026-07-31,28,최근 1년
최신 유효,DB증권·삼성SDI의 2026년 최신 ESS/EV 자료,DB증권,삼성SDI,2026-04-01,1Q26 컨센서스 상회 전망,inbox,DB증권_삼성SDI_1Q26 컨센서스 상회 전망_20260401.pdf,2026-04-01_DB증권_삼성SDI,1,4,시장·회사,EV|ESS,,미국|유럽,출하량|YoY,%|GWH,,14,2026-04-01_DB증권_삼성SDI,,2026-07-31,121,최근 1년
최신 유효,DB증권·LGES의 2026년 최신 ESS/EV 자료,DB증권,LGES,2026-07-31,하반기 수주 모멘텀 집중으로 섹터 대장 확인,inbox,DB증권_LG에너지솔루션_하반기 수주 모멘텀 집중으로 섹터 대장 확인_20260731.pdf,2026-07-31_DB증권_LGES,1,3,시장,EV|ESS,,미국|유럽,점유율|YoY|CAPA,%,수주·계약,13,2026-07-31_DB증권_LGES,,2026-07-31,0,최근 1년
최신 유효,DS투자증권·LGES의 2026년 최신 ESS/EV 자료,DS투자증권,LGES,2026-05-04,소형전지에 관심 필요,inbox,DS투자증권_LG에너지솔루션_소형전지에 관심 필요_20260504.pdf,2026-05-04_DS투자증권_LGES,1,4,시장·회사,EV|ESS,,글로벌|북미,생산량|YoY,%|GWH,수주·계약,14,2026-05-04_DS투자증권_LGES,,2026-07-31,88,최근 1년
최신 유효,IBK투자증권·LGES의 2026년 최신 ESS/EV 자료,IBK투자증권,LGES,2026-07-31,90 - 20 = 70,inbox,IBK투자증권_LG에너지솔루션_90 - 20 = 70_20260731.pdf,2026-07-31_IBK투자증권_LGES,1,6,시장·회사,EV|ESS,,글로벌|미국|유럽|중국|한국,생산량|YoY|CAPA,%|GWH,수주·계약,13,2026-07-31_IBK투자증권_LGES,,2026-07-31,0,최근 1년
최신 유효,IBK투자증권·SK온의 2026년 최신 EV 자료,IBK투자증권,SK온,2026-07-31,윤활기유가 이끈 어닝 서프라이즈,inbox,IBK투자증권_SK이노베이션_윤활기유가 이끈 어닝 서프라이즈_20260731.pdf,2026-07-31_IBK투자증권_SK온,2,4,시장,EV,상업·산업용(C&I),,생산량|생산능력|수요,%,,12,2026-07-31_IBK투자증권_SK온,,2026-07-31,0,최근 1년
최신 유효,IBK투자증권·삼성SDI의 2026년 최신 ESS/EV 자료,IBK투자증권,삼성SDI,2026-07-31,ESS가 좋은 날,inbox,IBK투자증권_삼성SDI_ESS가 좋은 날_20260731.pdf,2026-07-31_IBK투자증권_삼성SDI,1,5,시장·회사,EV|ESS,,북미|유럽|중국,출하량|CAPA,%|GWH,,13,2026-07-31_IBK투자증권_삼성SDI,,2026-07-31,0,최근 1년
최신 유효,KB증권·LGES의 2026년 최신 ESS/EV 자료,KB증권,LGES,2026-07-30,상반기 바닥 확인,inbox,KB증권_LG에너지솔루션_상반기 바닥 확인_20260730.pdf,2026-07-30_KB증권_LGES,1,8,시장·회사,EV|ESS,Grid/Utility,북미|미국|유럽,판매량|출하량|수요|성장률|YoY|CAPA,%|GWH,수주·계약,15,2026-07-30_KB증권_LGES,,2026-07-31,1,최근 1년
최신 유효,KB증권·SK온의 2026년 최신 ESS/EV 자료,KB증권,SK온,2026-07-30,정유. 사. 3Q도 증익 가능성. 배터리 재평가도 필요하다,inbox,KB증권_SK이노베이션_정유. 사. 3Q도 증익 가능성. 배터리 재평가도 필요하다_20260731.pdf,2026-07-30_KB증권_SK온,1,10,시장·회사,EV|ESS,,글로벌|미국|한국,생산량,%|GW,,13,2026-07-30_KB증권_SK온,,2026-07-31,1,최근 1년
최신 유효,LS증권·LGES의 2026년 최신 ESS/EV 자료,LS증권,LGES,2026-06-02,"4월 EV향 data, DTE 수주 및 미국 ESS",inbox,"LS증권_LG에너지솔루션_4월 EV향 data, DTE 수주 및 미국 ESS_20260602.pdf",2026-06-02_LS증권_LGES,9,18,시장·회사,ESS,데이터센터,글로벌|미국|중국|한국,출하량|수요,%|GWH,수주·계약,14,2026-06-02_LS증권_LGES,,2026-07-31,59,최근 1년
최신 유효,LS증권·LGES의 2026년 최신 ESS/EV 자료,LS증권,LGES,2026-06-02,"4월 EV향 data, DTE 수주 및 미국 ESS",inbox,"LS증권_LG에너지솔루션_4월 EV향 data, DTE 수주 및 미국 ESS_20260602.pdf",2026-06-02_LS증권_LGES,12,18,시장·회사,EV|ESS,,글로벌|북미|미국|유럽|중국|한국,판매량|성장률|CAPA,%|GWH,수주·계약,13,2026-06-02_LS증권_LGES,,2026-07-31,59,최근 1년
최신 유효,LS증권·SK온의 2026년 최신 ESS 자료,LS증권,SK온,2026-06-15,업데이트 노트,inbox,LS증권_SK이노베이션_업데이트 노트_20260615.pdf,2026-06-15_LS증권_SK온,1,17,시장·회사,EV|ESS,,글로벌|미국|한국,용량|CAPA,%|GWH,수주·계약,13,2026-06-15_LS증권_SK온|2026-07-31_LS증권_SK온,,2026-07-31,46,최근 1년
최신 유효,LS증권·SK온의 2026년 최신 ESS 자료,LS증권,SK온,2026-06-15,업데이트 노트,inbox,LS증권_SK이노베이션_업데이트 노트_20260615.pdf,2026-06-15_LS증권_SK온,9,17,시장,EV,,미국,수요|용량,GWH,,13,2026-07-31_LS증권_SK온,,2026-07-31,46,최근 1년
최신 유효,LS증권·SK온의 2026년 최신 ESS 자료,LS증권,SK온,2026-06-15,업데이트 노트,inbox,LS증권_SK이노베이션_업데이트 노트_20260615.pdf,2026-06-15_LS증권_SK온,10,17,시장·회사,EV,,글로벌|중국,판매량|수요|성장률|CAPA,%|GWH,,13,2026-07-31_LS증권_SK온,,2026-07-31,46,최근 1년
최신 유효,LS증권·SK온의 2026년 최신 EV 자료,LS증권,SK온,2026-07-31,2Q26 Review,inbox,LS증권_SK이노베이션_2Q26 Review_20260731.pdf,2026-07-31_LS증권_SK온,4,7,시장,EV,,글로벌,성장률|YoY,%|GWH,,13,2026-07-31_LS증권_SK온,,2026-07-31,0,최근 1년
최신 유효,LS증권·삼성SDI의 2026년 최신 ESS/EV 자료,LS증권,삼성SDI,2026-07-31,2Q26 Review,inbox,LS증권_삼성SDI_2Q26 Review_20260731.pdf,2026-07-31_LS증권_삼성SDI,1,9,시장,EV|ESS,UPS,글로벌,수요|용량,%,,13,2026-07-31_LS증권_삼성SDI,,2026-07-31,0,최근 1년
최신 유효,NH투자증권·삼성SDI의 2026년 최신 ESS/EV 자료,NH투자증권,삼성SDI,2026-03-23,적자폭 축소 기대,inbox,NH투자증권_삼성SDI_적자폭 축소 기대_20260323.pdf,2026-03-23_NH투자증권_삼성SDI,5,8,시장·회사,EV|ESS,,미국,판매량|출하량|용량|CAPA,%|GWH,,13,2026-03-23_NH투자증권_삼성SDI,,2026-07-31,130,최근 1년
최신 유효,SK증권·삼성SDI의 2026년 최신 ESS/EV 자료,SK증권,삼성SDI,2026-06-09,"저점은 지났다, 회복의 축은 ESS소형",inbox,"SK증권_삼성SDI_저점은 지났다, 회복의 축은 ESS소형_20260609.pdf",2026-06-09_SK증권_삼성SDI,1,7,시장·회사,EV|ESS,,미국|중국|한국,수요|캐파,%|GWH,,14,2026-06-09_SK증권_삼성SDI,,2026-07-31,52,최근 1년
최신 유효,iM증권·SK온의 2026년 최신 ESS 자료,iM증권,SK온,2026-05-14,국내 정유사들 중에서 차별화되는 포인트 2가지,inbox,iM증권_SK이노베이션_국내 정유사들 중에서 차별화되는 포인트 2가지_20260514.pdf,2026-05-14_iM증권_SK온,1,8,시장·회사,EV|ESS,데이터센터,북미|미국|유럽,판매량|설치량|수요,%|GWH,수주·계약,14,2026-05-14_iM증권_SK온|2026-07-31_iM증권_SK온,데이터센터,2026-07-31,78,최근 1년
최신 유효,iM증권·LGES의 2026년 최신 ESS/EV 자료,iM증권,LGES,2026-07-31,하반기에도 ESS 중심 실적 개선세 지속,inbox,iM증권_LG에너지솔루션_하반기에도 ESS 중심 실적 개선세 지속_20260731.pdf,2026-07-31_iM증권_LGES,1,6,시장,EV|ESS,데이터센터,미국|유럽|중국,생산량|생산능력|수요|YoY,%,,13,2026-07-31_iM증권_LGES,,2026-07-31,0,최근 1년
최신 유효,iM증권·LGES의 2026년 최신 ESS/EV 자료,iM증권,LGES,2026-07-31,하반기에도 ESS 중심 실적 개선세 지속,inbox,iM증권_LG에너지솔루션_하반기에도 ESS 중심 실적 개선세 지속_20260731.pdf,2026-07-31_iM증권_LGES,3,6,시장·회사,EV|ESS,데이터센터|UPS,미국|한국,출하량|수요|YoY|캐파,%|GWH,,14,2026-07-31_iM증권_LGES,,2026-07-31,0,최근 1년
최신 유효,iM증권·SK온의 2026년 최신 EV 자료,iM증권,SK온,2026-07-31,두 번의 전쟁으로 완전히 꼬여 버린 에너지 수급,inbox,iM증권_SK이노베이션_두 번의 전쟁으로 완전히 꼬여 버린 에너지 수급_20260731.pdf,2026-07-31_iM증권_SK온,1,8,시장,EV,,글로벌|미국|유럽|중국,생산량|수요,%,,13,2026-07-31_iM증권_SK온,,2026-07-31,0,최근 1년
최신 유효,iM증권·삼성SDI의 2026년 최신 ESS/EV 자료,iM증권,삼성SDI,2026-07-31,ESS로의 사업 전환 가속화 전망,inbox,iM증권_삼성SDI_ESS로의 사업 전환 가속화 전망_20260731.pdf,2026-07-31_iM증권_삼성SDI,1,6,시장,EV|ESS,,미국|유럽,출하량|수요|점유율|YoY,%,수주·계약,13,2026-07-31_iM증권_삼성SDI,,2026-07-31,0,최근 1년
최신 유효,iM증권·삼성SDI의 2026년 최신 ESS/EV 자료,iM증권,삼성SDI,2026-07-31,ESS로의 사업 전환 가속화 전망,inbox,iM증권_삼성SDI_ESS로의 사업 전환 가속화 전망_20260731.pdf,2026-07-31_iM증권_삼성SDI,3,6,시장·회사,ESS,데이터센터|UPS,미국|한국,출하량|수요|캐파,%|GWH,,14,2026-07-31_iM증권_삼성SDI,,2026-07-31,0,최근 1년
최신 유효,교보증권·삼성SDI의 2026년 최신 ESS/EV 자료,교보증권,삼성SDI,2026-03-30,1Q26 Preview 컨센서스 소폭 상회,inbox,교보증권_삼성SDI_1Q26 Preview 컨센서스 소폭 상회_20260330.pdf,2026-03-30_교보증권_삼성SDI,1,4,시장,EV|ESS,데이터센터,글로벌|유럽,수요|YoY,%,,13,2026-03-30_교보증권_삼성SDI,,2026-07-31,123,최근 1년
최신 유효,교보증권·LGES의 2026년 최신 ESS/EV 자료,교보증권,LGES,2026-05-04,1Q26 Review ESS 체질 전환 가속화,inbox,교보증권_LG에너지솔루션_1Q26 Review ESS 체질 전환 가속화_20260504.pdf,2026-05-04_교보증권_LGES,1,4,시장·회사,EV|ESS,,북미,수요|YoY|캐파,%|GWH,수주·계약,13,2026-05-04_교보증권_LGES,,2026-07-31,88,최근 1년
최신 유효,대신증권·LGES의 2026년 최신 ESS/EV 자료,대신증권,LGES,2026-05-06,꽉 차 있는 수주 창고,inbox,대신증권_LG에너지솔루션_꽉 차 있는 수주 창고_20260506.pdf,2026-05-06_대신증권_LGES,1,8,시장·회사,EV|ESS,데이터센터,북미|미국,출하량|수요|캐파|CAPA,%|GWH,수주·계약,14,2026-05-06_대신증권_LGES,,2026-07-31,86,최근 1년
최신 유효,대신증권·LGES의 2026년 최신 ESS/EV 자료,대신증권,LGES,2026-05-06,꽉 차 있는 수주 창고,inbox,대신증권_LG에너지솔루션_꽉 차 있는 수주 창고_20260506.pdf,2026-05-06_대신증권_LGES,4,8,시장·회사,EV|ESS,BESS,북미|미국,출하량|수요,%|GW|GWH,수주·계약,14,2026-05-06_대신증권_LGES,,2026-07-31,86,최근 1년
최신 유효,대신증권·삼성SDI의 2026년 최신 ESS/EV 자료,대신증권,삼성SDI,2026-05-06,안정성에 성장성까지!,inbox,대신증권_삼성SDI_안정성에 성장성까지!_20260506.pdf,2026-05-06_대신증권_삼성SDI,1,8,시장·회사,EV|ESS,,북미|미국|유럽|중국,출하량|점유율|YoY|캐파|CAPA,%|GWH,수주·계약,13,2026-05-06_대신증권_삼성SDI,,2026-07-31,86,최근 1년
최신 유효,메리츠증권·LGES의 2026년 최신 ESS/EV 자료,메리츠증권,LGES,2026-07-31,경쟁력 확보 준비 과정,inbox,메리츠증권_LG에너지솔루션_경쟁력 확보 준비 과정_20260731.pdf,2026-07-31_메리츠증권_LGES,1,6,시장·회사,EV|ESS,,북미|미국|유럽|중국,출하량|생산량,%|GWH,수주·계약,14,2026-07-31_메리츠증권_LGES,,2026-07-31,0,최근 1년
최신 유효,버핏연구소·삼성SDI의 2026년 최신 ESS/EV 자료,버핏연구소,삼성SDI,2026-05-21,이차전지 최악 업황 지나고 ESS 쑥쑥,inbox,버핏연구소_삼성SDI_이차전지 최악 업황 지나고 ESS 쑥쑥_20260521.pdf,2026-05-21_버핏연구소_삼성SDI,5,9,시장,EV|ESS,데이터센터|Grid/Utility,글로벌|미국|중국,수요,%,,12,2026-05-21_버핏연구소_삼성SDI,,2026-07-31,71,최근 1년
최신 유효,삼성증권·LGES의 2026년 최신 ESS/EV 자료,삼성증권,LGES,2026-07-30,2Q26 review - ESS 성장통에도 이익 개선세 유효,inbox,삼성증권_LG에너지솔루션_2Q26 review - ESS 성장통에도 이익 개선세 유효_20260730.pdf,2026-07-30_삼성증권_LGES,2,9,시장·회사,EV|ESS,,북미|미국|한국,판매량|출하량,%|GWH,,14,2026-07-30_삼성증권_LGES,,2026-07-31,1,최근 1년
최신 유효,삼성증권·삼성SDI의 2026년 최신 ESS/EV 자료,삼성증권,삼성SDI,2026-07-31,관세 환입 영향 2분기 조기 흑자 전환,inbox,삼성증권_삼성SDI_관세 환입 영향 2분기 조기 흑자 전환_20260731.pdf,2026-07-31_삼성증권_삼성SDI,3,6,시장·회사,EV|ESS,,한국,캐파,%|GWH,,13,2026-07-31_삼성증권_삼성SDI,,2026-07-31,0,최근 1년
최신 유효,상상인증권·SK온의 2026년 최신 ESS/EV 자료,상상인증권,SK온,2026-01-29,"배터리사업 부진, 그러나 개선 준비 중",inbox,"상상인증권_SK이노베이션_배터리사업 부진, 그러나 개선 준비 중_20260129.pdf",2026-01-29_상상인증권_SK온,1,4,시장·회사,EV|ESS,,북미|미국|유럽,판매량|수요|YoY,%|GW,수주·계약,13,2026-01-29_상상인증권_SK온,,2026-07-31,183,최근 1년
최신 유효,상상인증권·삼성SDI의 2026년 최신 ESS/EV 자료,상상인증권,삼성SDI,2026-05-08,xEV 와 ESS 향 매출 동반성장을 기대,inbox,상상인증권_삼성SDI_xEV 와 ESS 향 매출 동반성장을 기대_20260508.pdf,2026-05-08_상상인증권_삼성SDI,1,5,시장,EV|ESS,데이터센터,미국|유럽,생산능력|수요|YoY,%,수주·계약,13,2026-05-08_상상인증권_삼성SDI,,2026-07-31,84,최근 1년
최신 유효,신영증권·LGES의 2026년 최신 ESS/EV 자료,신영증권,LGES,2026-07-31,단기 눈높이는 낮춰도 방향성은 불변,inbox,신영증권_LG에너지솔루션_단기 눈높이는 낮춰도 방향성은 불변_20260731.pdf,2026-07-31_신영증권_LGES,1,5,시장·회사,EV|ESS,,북미|유럽,판매량|CAPA,%|GWH,,14,2026-07-31_신영증권_LGES,,2026-07-31,0,최근 1년
최신 유효,신한투자증권·LGES의 2026년 최신 ESS/EV 자료,신한투자증권,LGES,2026-07-31,늦어진 만큼 선명해진 회복,inbox,신한투자증권_LG에너지솔루션_늦어진 만큼 선명해진 회복_20260731.pdf,2026-07-31_신한투자증권_LGES,1,7,시장,EV|ESS,,글로벌|북미|유럽,생산능력|수요|CAPA,%,수주·계약,13,2026-07-31_신한투자증권_LGES,,2026-07-31,0,최근 1년
최신 유효,유안타증권·LGES의 2026년 최신 ESS/EV 자료,유안타증권,LGES,2026-05-06,불확실성 해소된 현 시점 투자매력도 높음,inbox,유안타증권_LG에너지솔루션_불확실성 해소된 현 시점 투자매력도 높음_20260506.pdf,2026-05-06_유안타증권_LGES,1,3,시장,EV|ESS,BESS,북미|유럽,수요|성장률,%,,13,2026-05-06_유안타증권_LGES,,2026-07-31,86,최근 1년
최신 유효,유안타증권·삼성SDI의 2026년 최신 ESS/EV 자료,유안타증권,삼성SDI,2026-06-24,ESS 전 라인업 중심으로 외형성장 지속,inbox,유안타증권_삼성SDI_ESS 전 라인업 중심으로 외형성장 지속_20260624.pdf,2026-06-24_유안타증권_삼성SDI,1,3,시장,EV|ESS,데이터센터|UPS,북미|미국|유럽,수요|YoY,%,,13,2026-06-24_유안타증권_삼성SDI,,2026-07-31,37,최근 1년
최신 유효,유진투자증권·산업의 2026년 최신 ESS/EV 자료,유진투자증권,산업,2026-05-17,2H26 OUTLOOK 화려한 배터리 테마주 장세 시작,inbox,유진투자증권_전자장비와기기_2H26 OUTLOOK 화려한 배터리 테마주 장세 시작_20260517.pdf,2026-05-17_유진투자증권_산업,4,101,시장,EV|ESS,BESS,글로벌|미국|유럽|중국,수요|성장률,%,,13,2026-05-17_유진투자증권_산업,,2026-07-31,75,최근 1년
최신 유효,유진투자증권·산업의 2026년 최신 ESS/EV 자료,유진투자증권,산업,2026-05-17,2H26 OUTLOOK 화려한 배터리 테마주 장세 시작,inbox,유진투자증권_전자장비와기기_2H26 OUTLOOK 화려한 배터리 테마주 장세 시작_20260517.pdf,2026-05-17_유진투자증권_산업,15,101,시장,ESS,데이터센터|BESS,미국|중국,설치용량|수요|용량,%|GWH,,12,2026-05-17_유진투자증권_산업,,2026-07-31,75,최근 1년
최신 유효,유진투자증권·산업의 2026년 최신 ESS/EV 자료,유진투자증권,산업,2026-05-17,2H26 OUTLOOK 화려한 배터리 테마주 장세 시작,inbox,유진투자증권_전자장비와기기_2H26 OUTLOOK 화려한 배터리 테마주 장세 시작_20260517.pdf,2026-05-17_유진투자증권_산업,18,101,시장·회사,ESS,BESS,미국|중국|한국,생산능력,GWH,수주·계약,13,2026-05-17_유진투자증권_산업,,2026-07-31,75,최근 1년
최신 유효,유진투자증권·산업의 2026년 최신 ESS/EV 자료,유진투자증권,산업,2026-05-17,2H26 OUTLOOK 화려한 배터리 테마주 장세 시작,inbox,유진투자증권_전자장비와기기_2H26 OUTLOOK 화려한 배터리 테마주 장세 시작_20260517.pdf,2026-05-17_유진투자증권_산업,37,101,시장·회사,EV|ESS,데이터센터|Grid/Utility|상업·산업용(C&I)|UPS,글로벌|미국|유럽|중국,캐파,GWH,수주·계약,12,2026-05-17_유진투자증권_산업,,2026-07-31,75,최근 1년
최신 유효,유진투자증권·LGES의 2026년 최신 ESS/EV 자료,유진투자증권,LGES,2026-07-31,ESS가 이끄는 외형 성장,inbox,유진투자증권_LG에너지솔루션_ESS가 이끄는 외형 성장_20260731.pdf,2026-07-31_유진투자증권_LGES,1,12,시장,EV|ESS,데이터센터|Grid/Utility|UPS,북미|유럽|중국,출하량|생산능력|수요|YoY|CAPA,%,수주·계약,14,2026-07-31_유진투자증권_LGES,,2026-07-31,0,최근 1년
최신 유효,유진투자증권·LGES의 2026년 최신 ESS/EV 자료,유진투자증권,LGES,2026-07-31,ESS가 이끄는 외형 성장,inbox,유진투자증권_LG에너지솔루션_ESS가 이끄는 외형 성장_20260731.pdf,2026-07-31_유진투자증권_LGES,2,12,시장,EV|ESS,,북미|미국|유럽|중국,출하량|생산량|수요|캐파,%,수주·계약,13,2026-07-31_유진투자증권_LGES,,2026-07-31,0,최근 1년
최신 유효,유진투자증권·SK온의 2026년 최신 ESS/EV 자료,유진투자증권,SK온,2026-07-31,전쟁 수혜 + 배터리 보상금 반영,inbox,유진투자증권_SK이노베이션_전쟁 수혜 + 배터리 보상금 반영_20260731.pdf,2026-07-31_유진투자증권_SK온,1,7,시장,EV|ESS,,글로벌,판매량|수요|YoY,%,,13,2026-07-31_유진투자증권_SK온,,2026-07-31,0,최근 1년
최신 유효,유진투자증권·SK온의 2026년 최신 ESS/EV 자료,유진투자증권,SK온,2026-07-31,전쟁 수혜 + 배터리 보상금 반영,inbox,유진투자증권_SK이노베이션_전쟁 수혜 + 배터리 보상금 반영_20260731.pdf,2026-07-31_유진투자증권_SK온,4,7,시장·회사,EV|ESS,데이터센터,글로벌|북미|미국|유럽,수요|캐파,GW,수주·계약,13,2026-07-31_유진투자증권_SK온,,2026-07-31,0,최근 1년
최신 유효,키움증권·LGES의 2026년 최신 ESS/EV 자료,키움증권,LGES,2026-07-31,"중장기 성장성 확인, 다만 단기 ESS 수익성 우려",inbox,"키움증권_LG에너지솔루션_중장기 성장성 확인, 다만 단기 ESS 수익성 우려_20260731.pdf",2026-07-31_키움증권_LGES,1,8,시장·회사,EV|ESS,,북미|유럽|중국,판매량|출하량|수요|YoY|캐파,%|GWH,수주·계약,14,2026-07-31_키움증권_LGES,,2026-07-31,0,최근 1년
최신 유효,키움증권·삼성SDI의 2026년 최신 ESS/EV 자료,키움증권,삼성SDI,2026-07-31,"분기 흑자전환 달성, 실적 개선 속도는 점검 필요",inbox,"키움증권_삼성SDI_분기 흑자전환 달성, 실적 개선 속도는 점검 필요_20260731.pdf",2026-07-31_키움증권_삼성SDI,1,8,시장,EV|ESS,UPS,미국|유럽,판매량|출하량|수요|점유율|YoY,%,수주·계약,13,2026-07-31_키움증권_삼성SDI,,2026-07-31,0,최근 1년
최신 유효,하나증권·SK온의 2026년 최신 ESS/EV 자료,하나증권,SK온,2026-05-14,단기 실적 변동성 vs. 중장기 호황,inbox,하나증권_SK이노베이션_단기 실적 변동성 vs. 중장기 호황_20260514.pdf,2026-05-14_하나증권_SK온,1,5,시장·회사,EV|ESS,,북미|미국|유럽|한국,판매량|YoY,%|GWH,수주·계약,13,2026-05-14_하나증권_SK온,,2026-07-31,78,최근 1년
최신 유효,하나증권·산업의 2026년 최신 ESS/EV 자료,하나증권,산업,2026-06-08,배터리 투자자가 준비해야 하는 3가지,inbox,하나증권_전자장비와기기_배터리 투자자가 준비해야 하는 3가지_20260608.pdf,2026-06-08_하나증권_산업,3,30,시장·회사,ESS,,북미|유럽|중국|한국,생산능력|YoY,%|GWH|MWH,수주·계약,13,2026-06-08_하나증권_산업,,2026-07-31,53,최근 1년
최신 유효,하나증권·산업의 2026년 최신 ESS/EV 자료,하나증권,산업,2026-06-08,배터리 투자자가 준비해야 하는 3가지,inbox,하나증권_전자장비와기기_배터리 투자자가 준비해야 하는 3가지_20260608.pdf,2026-06-08_하나증권_산업,6,30,시장·회사,EV|ESS,데이터센터,북미|미국|유럽|중국|한국,판매대수|생산능력|수요|YoY,%|GWH|대|만대,수주·계약,14,2026-06-08_하나증권_산업,,2026-07-31,53,최근 1년
최신 유효,하나증권·산업의 2026년 최신 ESS/EV 자료,하나증권,산업,2026-06-08,배터리 투자자가 준비해야 하는 3가지,inbox,하나증권_전자장비와기기_배터리 투자자가 준비해야 하는 3가지_20260608.pdf,2026-06-08_하나증권_산업,7,30,시장,ESS,Grid/Utility,글로벌|미국|유럽|중국,설치량|YoY,%|GWH,,12,2026-06-08_하나증권_산업,,2026-07-31,53,최근 1년
최신 유효,하나증권·산업의 2026년 최신 ESS/EV 자료,하나증권,산업,2026-06-08,배터리 투자자가 준비해야 하는 3가지,inbox,하나증권_전자장비와기기_배터리 투자자가 준비해야 하는 3가지_20260608.pdf,2026-06-08_하나증권_산업,13,30,시장,EV,,미국,판매량|판매대수|침투율|YoY,%|대|만대,,13,2026-06-08_하나증권_산업,,2026-07-31,53,최근 1년
최신 유효,하나증권·LGES의 2026년 최신 ESS/EV 자료,하나증권,LGES,2026-07-31,하반기 강한 증익 모멘텀,inbox,하나증권_LG에너지솔루션_하반기 강한 증익 모멘텀_20260731.pdf,2026-07-31_하나증권_LGES,1,4,시장,EV|ESS,,북미|미국|유럽,출하량|생산량|YoY,%,,13,2026-07-31_하나증권_LGES,,2026-07-31,0,최근 1년
최신 유효,한화투자증권·삼성SDI의 2026년 최신 ESS/EV 자료,한화투자증권,삼성SDI,2026-03-24,"EV 공백 메우는 ESS, IAA 수혜로 더해지는 기대감",inbox,"한화투자증권_삼성SDI_EV 공백 메우는 ESS, IAA 수혜로 더해지는 기대감_20260324.pdf",2026-03-24_한화투자증권_삼성SDI,1,3,시장·회사,EV|ESS,,미국|유럽|중국,출하량|수요|점유율|CAPA,%|GWH,,14,2026-03-24_한화투자증권_삼성SDI,,2026-07-31,129,최근 1년
최신 유효,한화투자증권·LGES의 2026년 최신 ESS/EV 자료,한화투자증권,LGES,2026-05-04,"ESS의 가파른 성장과 46-Series 가세, 확실한 턴어라운드 진입",inbox,"한화투자증권_LG에너지솔루션_ESS의 가파른 성장과 46-Series 가세, 확실한 턴어라운드 진입_20260504.pdf",2026-05-04_한화투자증권_LGES,1,5,시장,EV|ESS,,유럽|중국,출하량|수요,%,수주·계약,13,2026-05-04_한화투자증권_LGES,,2026-07-31,88,최근 1년
최신 유효,흥국증권·삼성SDI의 2026년 최신 ESS/EV 자료,흥국증권,삼성SDI,2026-04-08,ESS 생산 체제 안정화,inbox,흥국증권_삼성SDI_ESS 생산 체제 안정화_20260408.pdf,2026-04-08_흥국증권_삼성SDI,1,5,시장,EV|ESS,,북미|미국|유럽|중국,판매량|수요|YoY,%,,13,2026-04-08_흥국증권_삼성SDI,,2026-07-31,114,최근 1년
추가 검토,최신 자료에 없는 Application 신호: 데이터센터,KB증권,LGES,2026-02-26,2026년 미국 사업 ESS가 EV 미국 출하량 뛰어넘을 것,inbox,KB증권_LG에너지솔루션_2026년 미국 사업 ESS가 EV 미국 출하량 뛰어넘을 것_20260226.pdf,2026-02-26_KB증권_LGES,3,9,시장,ESS,데이터센터|Grid/Utility,미국,설치량|수요|YoY,%|GW|GWH|MW|MWH,,14,2026-07-30_KB증권_LGES,데이터센터,2026-07-31,155,최근 1년
추가 검토,"최신 자료에 없는 Application 신호: Grid/Utility, 데이터센터",LS증권,삼성SDI,2026-05-12,상대적으로 양호한 포지션 대비 높은 가격,inbox,LS증권_삼성SDI_상대적으로 양호한 포지션 대비 높은 가격_20260512.pdf,2026-05-12_LS증권_삼성SDI,1,4,시장,EV|ESS,데이터센터|Grid/Utility|UPS,미국|유럽,수요|YoY,%,,13,2026-07-31_LS증권_삼성SDI,Grid/Utility|데이터센터,2026-07-31,80,최근 1년
추가 검토,최신 자료에 없는 Application 신호: 상업·산업용(C&I),LS증권,삼성SDI,2026-06-05,"4월 EV향 data, 역성장 지속 우려",inbox,"LS증권_삼성SDI_4월 EV향 data, 역성장 지속 우려_20260605.pdf",2026-06-05_LS증권_삼성SDI,9,14,시장,EV,상업·산업용(C&I),중국,용량,GWH|MWH,,13,2026-07-31_LS증권_삼성SDI,상업·산업용(C&I),2026-07-31,56,최근 1년
추가 검토,최신 자료에 없는 Application 신호: 데이터센터,교보증권,LGES,2026-03-30,1Q26 Preview 컨센서스 소폭 하회,inbox,교보증권_LG에너지솔루션_1Q26 Preview 컨센서스 소폭 하회_20260330.pdf,2026-03-30_교보증권_LGES,1,4,시장,EV|ESS,데이터센터,북미,수요|YoY,%,,13,2026-05-04_교보증권_LGES,데이터센터,2026-07-31,123,최근 1년
회사공시 별도,증권사 하우스 선별 대상이 아니므로 회사 공시 트랙에서 별도 검토,회사공시,,,25_4Q_Script,actuals,25_4Q_Script.pdf,,2,18,시장,EV|ESS,데이터센터,북미|미국|유럽|중국,출하량|수요|CAPA,%,,14,,,2026-07-31,,
회사공시 별도,증권사 하우스 선별 대상이 아니므로 회사 공시 트랙에서 별도 검토,회사공시,,,25_4Q_Script,actuals,25_4Q_Script.pdf,,6,18,시장·회사,EV|ESS,Grid/Utility|UPS,글로벌|북미|유럽|중국,수요|CAPA,GWH,수주·계약,13,,,2026-07-31,,
회사공시 별도,증권사 하우스 선별 대상이 아니므로 회사 공시 트랙에서 별도 검토,회사공시,,,25_4Q_Script,actuals,25_4Q_Script.pdf,,14,18,시장·회사,EV|ESS,,글로벌|북미,수요|캐파|CAPA,%|GWH,,13,,,2026-07-31,,
회사공시 별도,증권사 하우스 선별 대상이 아니므로 회사 공시 트랙에서 별도 검토,회사공시,,,25_2Q_Script,actuals,25_2Q_Script.pdf,,16,23,시장,EV|ESS,Grid/Utility,북미|미국|중국,수요,%,,12,,,2026-07-31,,
회사공시 별도,증권사 하우스 선별 대상이 아니므로 회사 공시 트랙에서 별도 검토,회사공시,2026_1Q_LGES,,26_1Q_Script,actuals,26_1Q_Script.pdf,2026_1Q_LGES,2,14,시장,EV|ESS,Grid/Utility,북미|유럽,출하량|수요|CAPA,%,,14,,,2026-07-31,,
회사공시 별도,증권사 하우스 선별 대상이 아니므로 회사 공시 트랙에서 별도 검토,회사공시,2026_1Q_LGES,,26_1Q_Script,actuals,26_1Q_Script.pdf,2026_1Q_LGES,5,14,시장,EV|ESS,데이터센터,북미|미국|유럽,수요|CAPA,%,수주·계약,14,,,2026-07-31,,
회사공시 별도,증권사 하우스 선별 대상이 아니므로 회사 공시 트랙에서 별도 검토,회사공시,2026_1Q_LGES,,26_1Q_Script,actuals,26_1Q_Script.pdf,2026_1Q_LGES,11,14,시장·회사,EV|ESS,데이터센터|Grid/Utility,북미|미국|유럽|중국,수요|용량|CAPA,%|GWH,,14,,,2026-07-31,,
회사공시 별도,증권사 하우스 선별 대상이 아니므로 회사 공시 트랙에서 별도 검토,회사공시,2026_1Q_LGES|LGES,,26_1Q_LGES_business_performance_F_KR,actuals,26_1Q_LGES_business_performance_F_KR.pdf,2026_1Q_LGES|LGES,9,16,시장·회사,EV|ESS,,북미|미국,수요|용량|CAPA,%|GWH,수주·계약,13,,,2026-07-31,,
회사공시 별도,증권사 하우스 선별 대상이 아니므로 회사 공시 트랙에서 별도 검토,회사공시,2026_2Q_LGES,,26_2Q_Script,actuals,26_2Q_Script.pdf,2026_2Q_LGES,2,11,시장,EV|ESS,,북미|유럽,출하량|수요|CAPA,%,,13,,,2026-07-31,,
회사공시 별도,증권사 하우스 선별 대상이 아니므로 회사 공시 트랙에서 별도 검토,회사공시,2026_2Q_LGES,,26_2Q_Script,actuals,26_2Q_Script.pdf,2026_2Q_LGES,4,11,시장,EV|ESS,데이터센터,북미|미국|유럽,수요|CAPA,%,수주·계약,13,,,2026-07-31,,
회사공시 별도,증권사 하우스 선별 대상이 아니므로 회사 공시 트랙에서 별도 검토,회사공시,LGES,,25_4Q_LGES_business_performance_F_KR,actuals,25_4Q_LGES_business_performance_F_KR.pdf,LGES,5,17,시장·회사,EV|ESS,,북미|중국,CAPA,%|GWH,수주·계약,13,,,2026-07-31,,
회사공시 별도,증권사 하우스 선별 대상이 아니므로 회사 공시 트랙에서 별도 검토,회사공시,LGES,,25_4Q_LGES_business_performance_F_KR,actuals,25_4Q_LGES_business_performance_F_KR.pdf,LGES,11,17,시장·회사,EV|ESS,Grid/Utility|UPS,글로벌|북미|유럽|중국,수요|CAPA,%|GWH,수주·계약,15,,,2026-07-31,,
회사공시 별도,증권사 하우스 선별 대상이 아니므로 회사 공시 트랙에서 별도 검토,회사공시,SK온|SK이노베이션,,SK이노베이션_실적발표_1Q25 국문_F,actuals,SK이노베이션_실적발표_1Q25 국문_F.pdf,SK온|SK이노베이션,4,19,시장·회사,EV,,미국,판매량,GWH|만대,수주·계약,11,,,2026-07-31,,
중복·구형 제외,동일 하우스·시장·커버리지의 2026년 최신 자료로 대체,DB증권,LGES,2026-04-08,1Q26 잠정실적 AMPC가 매출로,inbox,DB증권_LG에너지솔루션_1Q26 잠정실적 AMPC가 매출로_20260408.pdf,2026-04-08_DB증권_LGES,1,3,시장·회사,EV|ESS,,북미|유럽,출하량|YoY|CAPA,%|GWH,,13,2026-07-31_DB증권_LGES,,2026-07-31,114,최근 1년
중복·구형 제외,동일 하우스·시장·커버리지의 2026년 최신 자료로 대체; 위험 신호 수주·계약,DB증권,LGES,2026-05-04,원통형 전지 활약에 주목,inbox,DB증권_LG에너지솔루션_원통형 전지 활약에 주목_20260504.pdf,2026-05-04_DB증권_LGES,1,4,시장·회사,EV|ESS,,북미|유럽,출하량|YoY,%|GWH,수주·계약,14,2026-07-31_DB증권_LGES,,2026-07-31,88,최근 1년
중복·구형 제외,동일 하우스·시장·커버리지의 2026년 최신 자료로 대체,IBK투자증권,LGES,2026-04-08,1Q26 잠정 실적 코멘트,inbox,IBK투자증권_LG에너지솔루션_1Q26 잠정 실적 코멘트_20260408.pdf,2026-04-08_IBK투자증권_LGES,2,2,시장·회사,ESS,,북미,YoY|CAPA,%|GWH,,13,2026-07-31_IBK투자증권_LGES,,2026-07-31,114,최근 1년
중복·구형 제외,동일 하우스·시장·커버리지의 2026년 최신 자료로 대체,IBK투자증권,LGES,2026-05-04,매 분기 성장 예정,inbox,IBK투자증권_LG에너지솔루션_매 분기 성장 예정_20260504.pdf,2026-05-04_IBK투자증권_LGES,1,6,시장·회사,EV|ESS,,글로벌|북미|미국|유럽|중국|한국,판매량|수요|YoY|CAPA,%|GWH,,13,2026-07-31_IBK투자증권_LGES,,2026-07-31,88,최근 1년
중복·구형 제외,동일 하우스·시장·커버리지의 2026년 최신 자료로 대체; 위험 신호 수주·계약,KB증권,LGES,2026-06-04,"투자포인트 ③ EV 정상화, ④ 2027년 FCF 흑자전환 시작",inbox,"KB증권_LG에너지솔루션_투자포인트 ③ EV 정상화, ④ 2027년 FCF 흑자전환 시작_20260604.pdf",2026-06-04_KB증권_LGES,1,10,시장·회사,EV|ESS,,미국|유럽,판매량|출하량|생산능력|침투율,%|GWH,수주·계약,13,2026-07-30_KB증권_LGES,,2026-07-31,57,최근 1년
중복·구형 제외,동일 하우스·시장·커버리지의 2026년 최신 자료로 대체; 위험 신호 수주·계약,KB증권,LGES,2026-06-18,1~5월 국내 EV 판매 +122% YoY 급등은 긍정적,inbox,KB증권_LG에너지솔루션_1~5월 국내 EV 판매 +122% YoY 급등은 긍정적_20260618.pdf,2026-06-18_KB증권_LGES,1,9,시장·회사,EV|ESS,,미국|한국,판매량|출하량|침투율|점유율|성장률|YoY,%|GWH|만대,수주·계약,13,2026-07-30_KB증권_LGES,,2026-07-31,43,최근 1년
중복·구형 제외,동일 하우스·시장·커버리지의 2026년 최신 자료로 대체,KB증권,LGES,2026-06-18,1~5월 국내 EV 판매 +122% YoY 급등은 긍정적,inbox,KB증권_LG에너지솔루션_1~5월 국내 EV 판매 +122% YoY 급등은 긍정적_20260618.pdf,2026-06-18_KB증권_LGES,4,9,시장,EV,,미국|유럽|중국|한국,판매량|판매대수,%|대,,13,2026-07-30_KB증권_LGES,,2026-07-31,43,최근 1년
중복·구형 제외,동일 하우스·시장·커버리지의 2026년 최신 자료로 대체,KB증권,LGES,2026-06-18,1~5월 국내 EV 판매 +122% YoY 급등은 긍정적,inbox,KB증권_LG에너지솔루션_1~5월 국내 EV 판매 +122% YoY 급등은 긍정적_20260618.pdf,2026-06-18_KB증권_LGES,6,9,시장·회사,EV|ESS,,중국,판매량|침투율|YoY,%|GWH,,13,2026-07-30_KB증권_LGES,,2026-07-31,43,최근 1년
중복·구형 제외,동일 하우스·시장·커버리지의 2026년 최신 자료로 대체,KB증권,SK온,2026-06-18,"국내 EV 판매 호조로, 배터리 판매량 +5~10% 추가 예상",inbox,"KB증권_SK이노베이션_국내 EV 판매 호조로, 배터리 판매량 +5~10% 추가 예상_20260618.pdf",2026-06-18_KB증권_SK온,1,12,시장·회사,EV,,글로벌|미국,판매량|출하량|침투율|점유율|성장률|YoY,%|GWH|만대,,13,2026-07-30_KB증권_SK온,,2026-07-31,43,최근 1년
중복·구형 제외,동일 하우스·시장·커버리지의 2026년 최신 자료로 대체,KB증권,SK온,2026-06-18,"국내 EV 판매 호조로, 배터리 판매량 +5~10% 추가 예상",inbox,"KB증권_SK이노베이션_국내 EV 판매 호조로, 배터리 판매량 +5~10% 추가 예상_20260618.pdf",2026-06-18_KB증권_SK온,4,12,시장,EV,,미국|유럽|중국|한국,판매량|판매대수,%|대,,13,2026-07-30_KB증권_SK온,,2026-07-31,43,최근 1년
중복·구형 제외,동일 하우스·시장·커버리지의 2026년 최신 자료로 대체,KB증권,SK온,2026-06-18,"국내 EV 판매 호조로, 배터리 판매량 +5~10% 추가 예상",inbox,"KB증권_SK이노베이션_국내 EV 판매 호조로, 배터리 판매량 +5~10% 추가 예상_20260618.pdf",2026-06-18_KB증권_SK온,6,12,시장·회사,EV|ESS,,중국,판매량|판매대수|침투율|YoY,%|GWH,,13,2026-07-30_KB증권_SK온,,2026-07-31,43,최근 1년
중복·구형 제외,동일 하우스·시장·커버리지의 2026년 최신 자료로 대체; 위험 신호 수주·계약,LS증권,LGES,2026-05-12,낮아지는 눈높이,inbox,LS증권_LG에너지솔루션_낮아지는 눈높이_20260512.pdf,2026-05-12_LS증권_LGES,1,4,시장·회사,EV|ESS,Grid/Utility,북미|미국|유럽|중국,판매량|수요|CAPA,%|GWH,수주·계약,15,2026-06-02_LS증권_LGES,Grid/Utility,2026-07-31,80,최근 1년
중복·구형 제외,동일 하우스·시장·커버리지의 2026년 최신 자료로 대체,LS증권,삼성SDI,2026-06-05,"4월 EV향 data, 역성장 지속 우려",inbox,"LS증권_삼성SDI_4월 EV향 data, 역성장 지속 우려_20260605.pdf",2026-06-05_LS증권_삼성SDI,2,14,시장·회사,EV,,글로벌,판매량|성장률,%|GWH,,13,2026-07-31_LS증권_삼성SDI,,2026-07-31,56,최근 1년
중복·구형 제외,동일 하우스·시장·커버리지의 2026년 최신 자료로 대체,LS증권,삼성SDI,2026-06-05,"4월 EV향 data, 역성장 지속 우려",inbox,"LS증권_삼성SDI_4월 EV향 data, 역성장 지속 우려_20260605.pdf",2026-06-05_LS증권_삼성SDI,3,14,시장·회사,EV,,글로벌,판매량|성장률,%|GWH,,13,2026-07-31_LS증권_삼성SDI,,2026-07-31,56,최근 1년
중복·구형 제외,동일 하우스·시장·커버리지의 2026년 최신 자료로 대체,LS증권,SK온,2026-06-29,"파우치 Only 부메랑, WACC보다 낮은 ROIC",inbox,"LS증권_SK이노베이션_파우치 Only 부메랑, WACC보다 낮은 ROIC_20260629.pdf",2026-06-29_LS증권_SK온,10,16,시장,EV,,미국,수요|용량,GWH,,13,2026-07-31_LS증권_SK온,,2026-07-31,32,최근 1년
중복·구형 제외,동일 하우스·시장·커버리지의 2026년 최신 자료로 대체; 위험 신호 수주·계약,iM증권,LGES,2026-04-08,1Q26 저점으로 ESS 중심 실적 회복세 전망,inbox,iM증권_LG에너지솔루션_1Q26 저점으로 ESS 중심 실적 회복세 전망_20260408.pdf,2026-04-08_iM증권_LGES,1,6,시장·회사,EV|ESS,데이터센터|Grid/Utility,미국|유럽|중국,판매량|출하량|생산능력|수요|용량|YoY,%|GWH,수주·계약,15,2026-07-31_iM증권_LGES,Grid/Utility,2026-07-31,114,최근 1년
중복·구형 제외,동일 하우스·시장·커버리지의 2026년 최신 자료로 대체; 위험 신호 수주·계약,iM증권,LGES,2026-05-11,ESS 수주가 다 찼다,inbox,iM증권_LG에너지솔루션_ESS 수주가 다 찼다_20260511.pdf,2026-05-11_iM증권_LGES,1,6,시장,EV|ESS,데이터센터|Grid/Utility,미국,생산능력|수요|용량|YoY,%,수주·계약,13,2026-07-31_iM증권_LGES,Grid/Utility,2026-07-31,81,최근 1년
중복·구형 제외,동일 하우스·시장·커버리지의 2026년 최신 자료로 대체; 위험 신호 수주·계약,iM증권,LGES,2026-06-30,ESS의 가파른 성장세 본격화,inbox,iM증권_LG에너지솔루션_ESS의 가파른 성장세 본격화_20260630.pdf,2026-06-30_iM증권_LGES,1,7,시장·회사,EV|ESS,데이터센터|Grid/Utility,미국|유럽|중국,출하량|생산량|수요|용량|YoY,%|GWH,수주·계약,14,2026-07-31_iM증권_LGES,Grid/Utility,2026-07-31,31,최근 1년
중복·구형 제외,동일 하우스·시장·커버리지의 2026년 최신 자료로 대체,iM증권,LGES,2026-06-30,ESS의 가파른 성장세 본격화,inbox,iM증권_LG에너지솔루션_ESS의 가파른 성장세 본격화_20260630.pdf,2026-06-30_iM증권_LGES,3,7,시장·회사,EV|ESS,데이터센터|UPS,미국|한국,출하량|수요|YoY|캐파,%|GWH,,14,2026-07-31_iM증권_LGES,,2026-07-31,31,최근 1년
중복·구형 제외,동일 하우스·시장·커버리지의 2026년 최신 자료로 대체; 위험 신호 수주·계약,iM증권,삼성SDI,2026-06-30,"밸류에이션 부담 완화, 비중 확대 시점",inbox,"iM증권_삼성SDI_밸류에이션 부담 완화, 비중 확대 시점_20260630.pdf",2026-06-30_iM증권_삼성SDI,1,6,시장·회사,EV|ESS,데이터센터|Grid/Utility,미국|유럽|중국,출하량|수요|용량|점유율|YoY,%|GWH,수주·계약,14,2026-07-31_iM증권_삼성SDI,Grid/Utility|데이터센터,2026-07-31,31,최근 1년
중복·구형 제외,동일 하우스·시장·커버리지의 2026년 최신 자료로 대체,iM증권,삼성SDI,2026-06-30,"밸류에이션 부담 완화, 비중 확대 시점",inbox,"iM증권_삼성SDI_밸류에이션 부담 완화, 비중 확대 시점_20260630.pdf",2026-06-30_iM증권_삼성SDI,3,6,시장·회사,ESS,데이터센터|UPS,미국|한국,출하량|수요|캐파,%|GWH,,14,2026-07-31_iM증권_삼성SDI,,2026-07-31,31,최근 1년
중복·구형 제외,동일 하우스·시장·커버리지의 2026년 최신 자료로 대체,메리츠증권,LGES,2026-04-08,1Q26P 잠정실적 발표,inbox,메리츠증권_LG에너지솔루션_1Q26P 잠정실적 발표_20260408.pdf,2026-04-08_메리츠증권_LGES,1,3,시장·회사,EV|ESS,,미국,판매량|출하량|침투율|점유율,%|GWH,,13,2026-07-31_메리츠증권_LGES,,2026-07-31,114,최근 1년
중복·구형 제외,동일 하우스·시장·커버리지의 2026년 최신 자료로 대체,메리츠증권,LGES,2026-07-02,중대형 전지 부진은 고민거리,inbox,메리츠증권_LG에너지솔루션_중대형 전지 부진은 고민거리_20260702.pdf,2026-07-02_메리츠증권_LGES,1,6,시장·회사,EV|ESS,,미국|유럽|중국,판매량|수요|성장률,%|GWH,,13,2026-07-31_메리츠증권_LGES,,2026-07-31,29,최근 1년
중복·구형 제외,동일 하우스·시장·커버리지의 2026년 최신 자료로 대체; 위험 신호 수주·계약,삼성증권,삼성SDI,2026-03-11,연간 턴어라운드 기대 유효,inbox,삼성증권_삼성SDI_연간 턴어라운드 기대 유효_20260311.pdf,2026-03-11_삼성증권_삼성SDI,1,4,시장·회사,EV|ESS,데이터센터,북미,출하량|수요,%|GWH,수주·계약,15,2026-07-31_삼성증권_삼성SDI,데이터센터,2026-07-31,142,최근 1년
중복·구형 제외,동일 하우스·시장·커버리지의 2026년 최신 자료로 대체,삼성증권,삼성SDI,2026-03-11,연간 턴어라운드 기대 유효,inbox,삼성증권_삼성SDI_연간 턴어라운드 기대 유효_20260311.pdf,2026-03-11_삼성증권_삼성SDI,3,4,시장,ESS,,한국,수요|캐파,%,,13,2026-07-31_삼성증권_삼성SDI,,2026-07-31,142,최근 1년
중복·구형 제외,동일 하우스·시장·커버리지의 2026년 최신 자료로 대체,삼성증권,삼성SDI,2026-06-11,예상보다 빠른 3분기 흑자 전환 기대,inbox,삼성증권_삼성SDI_예상보다 빠른 3분기 흑자 전환 기대_20260611.pdf,2026-06-11_삼성증권_삼성SDI,3,6,시장·회사,EV|ESS,,한국,캐파,%|GWH,,13,2026-07-31_삼성증권_삼성SDI,,2026-07-31,50,최근 1년
중복·구형 제외,동일 하우스·시장·커버리지의 2026년 최신 자료로 대체; 위험 신호 수주·계약,삼성증권,LGES,2026-06-17,2H26 Outlook - 대규모 ESS 수주 본격화,inbox,삼성증권_LG에너지솔루션_2H26 Outlook - 대규모 ESS 수주 본격화_20260617.pdf,2026-06-17_삼성증권_LGES,1,7,시장·회사,EV|ESS,,북미|미국|유럽,판매량|수요,%|GWH,수주·계약,13,2026-07-30_삼성증권_LGES,,2026-07-31,44,최근 1년
중복·구형 제외,동일 하우스·시장·커버리지의 2026년 최신 자료로 대체,상상인증권,삼성SDI,2026-04-07,"북미ESS 성장 반영, 중장기 이익전망 상향",inbox,"상상인증권_삼성SDI_북미ESS 성장 반영, 중장기 이익전망 상향_20260407.pdf",2026-04-07_상상인증권_삼성SDI,1,6,시장·회사,EV|ESS,,북미|미국|중국,출하량|생산능력|수요|YoY,%|GWH,,14,2026-05-08_상상인증권_삼성SDI,,2026-07-31,115,최근 1년
중복·구형 제외,동일 하우스·시장·커버리지의 2026년 최신 자료로 대체; 위험 신호 수주·계약,신영증권,LGES,2026-03-31,"하방은 제한적, ESS가 이끄는 2026년",inbox,"신영증권_LG에너지솔루션_하방은 제한적, ESS가 이끄는 2026년_20260331.pdf",2026-03-31_신영증권_LGES,1,5,시장·회사,EV|ESS,,북미,CAPA,%|GWH,수주·계약,13,2026-07-31_신영증권_LGES,,2026-07-31,122,최근 1년
중복·구형 제외,동일 하우스·시장·커버리지의 2026년 최신 자료로 대체; 위험 신호 수주·계약,신영증권,LGES,2026-04-08,1분기 잠정 실적 코멘트,inbox,신영증권_LG에너지솔루션_1분기 잠정 실적 코멘트_20260408.pdf,2026-04-08_신영증권_LGES,1,2,시장·회사,EV|ESS,,북미|미국|유럽|중국,CAPA,%|GWH,수주·계약,13,2026-07-31_신영증권_LGES,,2026-07-31,114,최근 1년
중복·구형 제외,동일 하우스·시장·커버리지의 2026년 최신 자료로 대체,신영증권,LGES,2026-05-04,2분기부터 재차 증익 구간 진입,inbox,신영증권_LG에너지솔루션_2분기부터 재차 증익 구간 진입_20260504.pdf,2026-05-04_신영증권_LGES,1,6,시장·회사,EV|ESS,,북미|미국|유럽,판매량|CAPA,%|GWH,,14,2026-07-31_신영증권_LGES,,2026-07-31,88,최근 1년
중복·구형 제외,동일 하우스·시장·커버리지의 2026년 최신 자료로 대체,신한투자증권,LGES,2026-04-02,우려보다 기대를,inbox,신한투자증권_LG에너지솔루션_우려보다 기대를_20260402.pdf,2026-04-02_신한투자증권_LGES,1,7,시장·회사,EV|ESS,,북미|미국|유럽,판매량|출하량|생산능력|수요|점유율|CAPA,%|GWH,,14,2026-07-31_신한투자증권_LGES,,2026-07-31,120,최근 1년
중복·구형 제외,동일 하우스·시장·커버리지의 2026년 최신 자료로 대체,신한투자증권,LGES,2026-04-08,LG에너지솔루션 1Q26 잠정실적 발표,inbox,신한투자증권_LG에너지솔루션_LG에너지솔루션 1Q26 잠정실적 발표_20260408.pdf,2026-04-08_신한투자증권_LGES,1,2,시장·회사,EV|ESS,,북미,출하량|생산능력|수요|YoY,%|GWH,,14,2026-07-31_신한투자증권_LGES,,2026-07-31,114,최근 1년
중복·구형 제외,동일 하우스·시장·커버리지의 2026년 최신 자료로 대체; 위험 신호 수주·계약,신한투자증권,LGES,2026-05-04,1분기가 저점,inbox,신한투자증권_LG에너지솔루션_1분기가 저점_20260504.pdf,2026-05-04_신한투자증권_LGES,1,7,시장·회사,EV|ESS,,북미|미국|유럽,판매량|출하량|생산능력|설치량,%|GWH,수주·계약,14,2026-07-31_신한투자증권_LGES,,2026-07-31,88,최근 1년
중복·구형 제외,동일 하우스·시장·커버리지의 2026년 최신 자료로 대체; 위험 신호 수주·계약,유안타증권,LGES,2026-04-09,영업이익 기준 컨센서스 하회 실적 기록,inbox,유안타증권_LG에너지솔루션_영업이익 기준 컨센서스 하회 실적 기록_20260409.pdf,2026-04-09_유안타증권_LGES,1,3,시장·회사,EV|ESS,,북미|유럽,생산능력|수요,%|GWH,수주·계약,13,2026-05-06_유안타증권_LGES,,2026-07-31,113,최근 1년
중복·구형 제외,동일 하우스·시장·커버리지의 2026년 최신 자료로 대체; 위험 신호 수주·계약,유진투자증권,LGES,2026-05-06,ESS + 4680이 견인하는 실적,inbox,유진투자증권_LG에너지솔루션_ESS + 4680이 견인하는 실적_20260506.pdf,2026-05-06_유진투자증권_LGES,1,11,시장·회사,EV|ESS,,북미|유럽,출하량|수요|YoY|캐파,%|GWH,수주·계약,14,2026-07-31_유진투자증권_LGES,,2026-07-31,86,최근 1년
중복·구형 제외,동일 하우스·시장·커버리지의 2026년 최신 자료로 대체; 위험 신호 수주·계약,유진투자증권,LGES,2026-05-06,ESS + 4680이 견인하는 실적,inbox,유진투자증권_LG에너지솔루션_ESS + 4680이 견인하는 실적_20260506.pdf,2026-05-06_유진투자증권_LGES,3,11,시장·회사,EV|ESS,데이터센터|Grid/Utility,북미|유럽|중국,수요|CAPA,%|GWH,수주·계약,15,2026-07-31_유진투자증권_LGES,,2026-07-31,86,최근 1년
중복·구형 제외,동일 하우스·시장·커버리지의 2026년 최신 자료로 대체,유진투자증권,SK온,2026-05-14,풀가동으로 전략 전환,inbox,유진투자증권_SK이노베이션_풀가동으로 전략 전환_20260514.pdf,2026-05-14_유진투자증권_SK온,1,8,시장·회사,EV,,글로벌|북미|유럽,판매량|YoY,%|GW|만대,,14,2026-07-31_유진투자증권_SK온,,2026-07-31,78,최근 1년
중복·구형 제외,동일 하우스·시장·커버리지의 2026년 최신 자료로 대체; 위험 신호 수주·계약,유진투자증권,SK온,2026-05-14,풀가동으로 전략 전환,inbox,유진투자증권_SK이노베이션_풀가동으로 전략 전환_20260514.pdf,2026-05-14_유진투자증권_SK온,4,8,시장,EV|ESS,,북미|유럽,판매량|YoY,%|만대,수주·계약,13,2026-07-31_유진투자증권_SK온,,2026-07-31,78,최근 1년
중복·구형 제외,동일 하우스·시장·커버리지의 2026년 최신 자료로 대체; 위험 신호 수주·계약,키움증권,LGES,2026-03-24,휴머노이드 배터리 공급 확대,inbox,키움증권_LG에너지솔루션_휴머노이드 배터리 공급 확대_20260324.pdf,2026-03-24_키움증권_LGES,1,4,시장·회사,EV|ESS,,글로벌|북미,수요|점유율|YoY|CAPA,%|GWH,수주·계약,13,2026-07-31_키움증권_LGES,,2026-07-31,129,최근 1년
중복·구형 제외,동일 하우스·시장·커버리지의 2026년 최신 자료로 대체,키움증권,LGES,2026-03-24,휴머노이드 배터리 공급 확대,inbox,키움증권_LG에너지솔루션_휴머노이드 배터리 공급 확대_20260324.pdf,2026-03-24_키움증권_LGES,3,4,시장·회사,ESS,,미국,판매량|출하량|CAPA,%|GWH,,14,2026-07-31_키움증권_LGES,,2026-07-31,129,최근 1년
중복·구형 제외,동일 하우스·시장·커버리지의 2026년 최신 자료로 대체; 위험 신호 수주·계약,키움증권,LGES,2026-04-08,"1Q26 잠정 실적 리뷰 컨센서스 대비 매출은 상회, 영업이익은 하회",inbox,"키움증권_LG에너지솔루션_1Q26 잠정 실적 리뷰 컨센서스 대비 매출은 상회, 영업이익은 하회_20260408.pdf",2026-04-08_키움증권_LGES,1,3,시장·회사,EV|ESS,,북미|미국|유럽|중국,판매량|출하량|수요|점유율|YoY|CAPA,%|GWH|대,수주·계약,14,2026-07-31_키움증권_LGES,,2026-07-31,114,최근 1년
중복·구형 제외,동일 하우스·시장·커버리지의 2026년 최신 자료로 대체; 위험 신호 수주·계약,키움증권,LGES,2026-05-04,북미 ESS CAPA 역량에 주목할 필요,inbox,키움증권_LG에너지솔루션_북미 ESS CAPA 역량에 주목할 필요_20260504.pdf,2026-05-04_키움증권_LGES,1,7,시장·회사,EV|ESS,,북미|유럽|중국,판매량|YoY|CAPA,%|GWH,수주·계약,14,2026-07-31_키움증권_LGES,,2026-07-31,88,최근 1년
중복·구형 제외,동일 하우스·시장·커버리지의 2026년 최신 자료로 대체,키움증권,LGES,2026-05-04,북미 ESS CAPA 역량에 주목할 필요,inbox,키움증권_LG에너지솔루션_북미 ESS CAPA 역량에 주목할 필요_20260504.pdf,2026-05-04_키움증권_LGES,3,7,시장·회사,ESS,,미국,판매량|출하량|CAPA,%|GWH,,14,2026-07-31_키움증권_LGES,,2026-07-31,88,최근 1년
중복·구형 제외,동일 하우스·시장·커버리지의 2026년 최신 자료로 대체; 위험 신호 수주·계약,키움증권,삼성SDI,2026-05-28,실적은 최악의 구간을 지나가는 시점,inbox,키움증권_삼성SDI_실적은 최악의 구간을 지나가는 시점_20260528.pdf,2026-05-28_키움증권_삼성SDI,1,4,시장,EV|ESS,UPS,미국|유럽,판매량|출하량|점유율|YoY|CAPA,%,수주·계약,13,2026-07-31_키움증권_삼성SDI,,2026-07-31,64,최근 1년
중복·구형 제외,동일 하우스·시장·커버리지의 2026년 최신 자료로 대체,하나증권,SK온,2026-02-23,더 이상 정유 Up-Cycle에서 소외되지 않는다,inbox,하나증권_SK이노베이션_더 이상 정유 Up-Cycle에서 소외되지 않는다_20260223.pdf,2026-02-23_하나증권_SK온,1,5,시장,EV,,글로벌|북미|미국|유럽|한국,수요,%|GW,,13,2026-05-14_하나증권_SK온,,2026-07-31,158,최근 1년
중복·구형 제외,동일 하우스·시장·커버리지의 2026년 최신 자료로 대체,하나증권,산업,2026-04-06,"Weekly 이배속  ESS 성장 지속, 기대감 없는 EV의 반등",inbox,"하나증권_전자장비와기기_Weekly 이배속  ESS 성장 지속, 기대감 없는 EV의 반등_20260406.pdf",2026-04-06_하나증권_산업,1,29,시장,EV|ESS,,글로벌|미국|유럽,설치량|수요|YoY,%|만대,,13,2026-06-08_하나증권_산업,,2026-07-31,116,최근 1년
중복·구형 제외,동일 하우스·시장·커버리지의 2026년 최신 자료로 대체,하나증권,산업,2026-04-06,"Weekly 이배속  ESS 성장 지속, 기대감 없는 EV의 반등",inbox,"하나증권_전자장비와기기_Weekly 이배속  ESS 성장 지속, 기대감 없는 EV의 반등_20260406.pdf",2026-04-06_하나증권_산업,2,29,시장,EV|ESS,,글로벌|미국|유럽|중국,판매대수|설치량|수요|YoY,%|GWH|만대,,13,2026-06-08_하나증권_산업,,2026-07-31,116,최근 1년
중복·구형 제외,동일 하우스·시장·커버리지의 2026년 최신 자료로 대체,하나증권,산업,2026-04-06,"Weekly 이배속  ESS 성장 지속, 기대감 없는 EV의 반등",inbox,"하나증권_전자장비와기기_Weekly 이배속  ESS 성장 지속, 기대감 없는 EV의 반등_20260406.pdf",2026-04-06_하나증권_산업,6,29,시장,EV|ESS,,글로벌|미국|유럽|중국,판매대수|설치량|수요|YoY,%|GWH|만대,,14,2026-06-08_하나증권_산업,,2026-07-31,116,최근 1년
중복·구형 제외,동일 하우스·시장·커버리지의 2026년 최신 자료로 대체,하나증권,LGES,2026-04-08,EV 부진 지속,inbox,하나증권_LG에너지솔루션_EV 부진 지속_20260408.pdf,2026-04-08_하나증권_LGES,1,4,시장·회사,EV|ESS,,북미|미국,출하량|수요|용량|YoY|CAPA,%|GWH|만대,,13,2026-07-31_하나증권_LGES,,2026-07-31,114,최근 1년
중복·구형 제외,동일 하우스·시장·커버리지의 2026년 최신 자료로 대체; 위험 신호 수주·계약,하나증권,LGES,2026-05-04,주가 하방 압력 제한적,inbox,하나증권_LG에너지솔루션_주가 하방 압력 제한적_20260504.pdf,2026-05-04_하나증권_LGES,1,4,시장,EV|ESS,,북미|미국,생산량|YoY|CAPA,%,수주·계약,13,2026-07-31_하나증권_LGES,,2026-07-31,88,최근 1년
중복·구형 제외,동일 하우스·시장·커버리지의 2026년 최신 자료로 대체; 위험 신호 수주·계약,한화투자증권,LGES,2026-03-24,미국 ESS와 유럽 IAA로 회복 가시성 증가,inbox,한화투자증권_LG에너지솔루션_미국 ESS와 유럽 IAA로 회복 가시성 증가_20260324.pdf,2026-03-24_한화투자증권_LGES,1,3,시장·회사,EV|ESS,,미국|유럽|중국,출하량|수요|CAPA,%|GWH,수주·계약,13,2026-05-04_한화투자증권_LGES,,2026-07-31,129,최근 1년
중복·구형 제외,동일 하우스·시장·커버리지의 2026년 최신 자료로 대체,한화투자증권,LGES,2026-04-08,1Q26 잠정실적 코멘트 - EV 부진을 ESS로 빠르게 메우는 중,inbox,한화투자증권_LG에너지솔루션_1Q26 잠정실적 코멘트 - EV 부진을 ESS로 빠르게 메우는 중_20260408.pdf,2026-04-08_한화투자증권_LGES,1,4,시장·회사,EV|ESS,,글로벌|미국|유럽|중국,출하량|수요,%|GWH,,14,2026-05-04_한화투자증권_LGES,,2026-07-31,114,최근 1년
연도 범위 제외,2026년 발간 리포트만 분석,IBK투자증권,산업,2023-09-12,배터리 World War,inbox,IBK투자증권_전자장비와기기_배터리 World War_20230912.pdf,2023-09-12_IBK투자증권_산업,19,136,시장·회사,EV,,글로벌|북미|미국|유럽|중국|한국,판매량|출하량|침투율|점유율|성장률|YoY,%|GWH,,13,,,2026-07-31,1053,1년 초과
연도 범위 제외,2026년 발간 리포트만 분석,IBK투자증권,산업,2023-09-12,배터리 World War,inbox,IBK투자증권_전자장비와기기_배터리 World War_20230912.pdf,2023-09-12_IBK투자증권_산업,48,136,시장·회사,EV,,글로벌|북미|미국|유럽|중국,판매량|출하량|침투율|점유율|YoY,%|GWH|만대,,13,,,2026-07-31,1053,1년 초과
연도 범위 제외,2026년 발간 리포트만 분석,IBK투자증권,산업,2023-09-12,배터리 World War,inbox,IBK투자증권_전자장비와기기_배터리 World War_20230912.pdf,2023-09-12_IBK투자증권_산업,58,136,시장·회사,EV,,북미,판매량|출하량|YoY,%|GWH|MWH,,14,,,2026-07-31,1053,1년 초과
연도 범위 제외,2026년 발간 리포트만 분석,IBK투자증권,산업,2023-09-12,배터리 World War,inbox,IBK투자증권_전자장비와기기_배터리 World War_20230912.pdf,2023-09-12_IBK투자증권_산업,68,136,시장·회사,EV,,글로벌|미국|유럽|중국|한국,판매량|출하량|침투율,%|GWH,,13,,,2026-07-31,1053,1년 초과
연도 범위 제외,2026년 발간 리포트만 분석,IBK투자증권,산업,2023-09-12,배터리 World War,inbox,IBK투자증권_전자장비와기기_배터리 World War_20230912.pdf,2023-09-12_IBK투자증권_산업,84,136,시장,EV,,글로벌|북미|미국|유럽|중국,출하량|수요|점유율|YoY|CAPA,%,수주·계약,13,,,2026-07-31,1053,1년 초과
연도 범위 제외,2026년 발간 리포트만 분석,IBK투자증권,산업,2023-09-12,배터리 World War,inbox,IBK투자증권_전자장비와기기_배터리 World War_20230912.pdf,2023-09-12_IBK투자증권_산업,90,136,시장·회사,EV|ESS,,유럽,생산능력|수요|YoY|CAPA,%|GWH,,14,,,2026-07-31,1053,1년 초과
연도 범위 제외,2026년 발간 리포트만 분석,IBK투자증권,산업,2023-09-12,배터리 World War,inbox,IBK투자증권_전자장비와기기_배터리 World War_20230912.pdf,2023-09-12_IBK투자증권_산업,100,136,시장,EV|ESS,,글로벌,출하량|수요|침투율|YoY|CAPA,%,수주·계약,13,,,2026-07-31,1053,1년 초과
연도 범위 제외,2026년 발간 리포트만 분석,IBK투자증권,산업,2024-02-26,역대급 북미 배터리 설계사,inbox,IBK투자증권_전자장비와기기_역대급 북미 배터리 설계사_20240226.pdf,2024-02-26_IBK투자증권_산업,3,116,시장·회사,EV,,글로벌|북미|미국|유럽|중국|한국,판매량|출하량|용량|점유율|CAPA,%|GWH|만대,수주·계약,13,,,2026-07-31,886,1년 초과
연도 범위 제외,2026년 발간 리포트만 분석,IBK투자증권,산업,2024-02-26,역대급 북미 배터리 설계사,inbox,IBK투자증권_전자장비와기기_역대급 북미 배터리 설계사_20240226.pdf,2024-02-26_IBK투자증권_산업,4,116,시장·회사,EV,,북미,판매량|생산량|생산능력|수요|침투율|CAPA,%|GWH,,14,,,2026-07-31,886,1년 초과
연도 범위 제외,2026년 발간 리포트만 분석,IBK투자증권,산업,2024-02-26,역대급 북미 배터리 설계사,inbox,IBK투자증권_전자장비와기기_역대급 북미 배터리 설계사_20240226.pdf,2024-02-26_IBK투자증권_산업,5,116,시장·회사,EV,,글로벌|미국|유럽|중국,판매량|출하량|YoY,%|GWH,,13,,,2026-07-31,886,1년 초과
연도 범위 제외,2026년 발간 리포트만 분석,IBK투자증권,산업,2024-02-26,역대급 북미 배터리 설계사,inbox,IBK투자증권_전자장비와기기_역대급 북미 배터리 설계사_20240226.pdf,2024-02-26_IBK투자증권_산업,14,116,시장·회사,EV,,글로벌|북미|유럽|중국|한국,출하량|점유율|YoY,%|GWH|MWH,,13,,,2026-07-31,886,1년 초과
연도 범위 제외,2026년 발간 리포트만 분석,IBK투자증권,산업,2024-02-26,역대급 북미 배터리 설계사,inbox,IBK투자증권_전자장비와기기_역대급 북미 배터리 설계사_20240226.pdf,2024-02-26_IBK투자증권_산업,15,116,시장·회사,EV,,글로벌|유럽|중국,판매량|출하량|점유율|YoY,%|GWH|MWH,,13,,,2026-07-31,886,1년 초과
연도 범위 제외,2026년 발간 리포트만 분석,IBK투자증권,산업,2024-02-26,역대급 북미 배터리 설계사,inbox,IBK투자증권_전자장비와기기_역대급 북미 배터리 설계사_20240226.pdf,2024-02-26_IBK투자증권_산업,16,116,시장·회사,EV,,유럽|중국,판매량|출하량|점유율,%|GWH,,13,,,2026-07-31,886,1년 초과
연도 범위 제외,2026년 발간 리포트만 분석,IBK투자증권,산업,2024-02-26,역대급 북미 배터리 설계사,inbox,IBK투자증권_전자장비와기기_역대급 북미 배터리 설계사_20240226.pdf,2024-02-26_IBK투자증권_산업,38,116,시장·회사,EV,,북미|미국|유럽,판매량|생산량|생산능력|CAPA,%|GWH|만대,,13,,,2026-07-31,886,1년 초과
연도 범위 제외,2026년 발간 리포트만 분석,IBK투자증권,산업,2024-02-26,역대급 북미 배터리 설계사,inbox,IBK투자증권_전자장비와기기_역대급 북미 배터리 설계사_20240226.pdf,2024-02-26_IBK투자증권_산업,42,116,시장·회사,EV,,글로벌|북미|미국,판매량|생산량|생산능력|수요|CAPA,%|GWH|만대,,13,,,2026-07-31,886,1년 초과
연도 범위 제외,2026년 발간 리포트만 분석,IBK투자증권,산업,2024-02-26,역대급 북미 배터리 설계사,inbox,IBK투자증권_전자장비와기기_역대급 북미 배터리 설계사_20240226.pdf,2024-02-26_IBK투자증권_산업,65,116,시장·회사,EV,,북미|미국,판매량|용량|CAPA,%|GW|GWH|만대,,13,,,2026-07-31,886,1년 초과
연도 범위 제외,2026년 발간 리포트만 분석,IBK투자증권,산업,2024-02-26,역대급 북미 배터리 설계사,inbox,IBK투자증권_전자장비와기기_역대급 북미 배터리 설계사_20240226.pdf,2024-02-26_IBK투자증권_산업,69,116,시장·회사,EV,,북미|미국|유럽|중국|한국,판매량|생산량|생산능력|CAPA,GWH,,13,,,2026-07-31,886,1년 초과
연도 범위 제외,2026년 발간 리포트만 분석,IBK투자증권,산업,2024-02-26,역대급 북미 배터리 설계사,inbox,IBK투자증권_전자장비와기기_역대급 북미 배터리 설계사_20240226.pdf,2024-02-26_IBK투자증권_산업,82,116,시장·회사,EV,,북미|유럽,출하량|수요|YoY|CAPA,%|GWH,,14,,,2026-07-31,886,1년 초과
연도 범위 제외,2026년 발간 리포트만 분석,IBK투자증권,산업,2024-02-26,역대급 북미 배터리 설계사,inbox,IBK투자증권_전자장비와기기_역대급 북미 배터리 설계사_20240226.pdf,2024-02-26_IBK투자증권_산업,87,116,시장·회사,EV|ESS,,북미|유럽,생산능력|수요|YoY|CAPA,%|GWH,,14,,,2026-07-31,886,1년 초과
연도 범위 제외,2026년 발간 리포트만 분석,IBK투자증권,산업,2024-02-26,역대급 북미 배터리 설계사,inbox,IBK투자증권_전자장비와기기_역대급 북미 배터리 설계사_20240226.pdf,2024-02-26_IBK투자증권_산업,91,116,시장·회사,EV,,북미|유럽,출하량|생산량|수요|YoY,%|GWH|만대,,13,,,2026-07-31,886,1년 초과
연도 범위 제외,2026년 발간 리포트만 분석,IBK투자증권,산업,2024-02-26,역대급 북미 배터리 설계사,inbox,IBK투자증권_전자장비와기기_역대급 북미 배터리 설계사_20240226.pdf,2024-02-26_IBK투자증권_산업,102,116,시장,EV,,북미|미국,출하량|수요|YoY,%,수주·계약,13,,,2026-07-31,886,1년 초과
연도 범위 제외,2026년 발간 리포트만 분석,SK증권,산업,2023-05-23,배터리 패러다임의 변화 (feat. IT 탐방왕이 바라본 2차전지),inbox,SK증권_전자장비와기기_배터리 패러다임의 변화 (feat. IT 탐방왕이 바라본 2차전지)_20230523.pdf,2023-05-23_SK증권_산업,26,142,시장,EV,,글로벌|미국|중국|한국,판매량|침투율|성장률,%,,13,,,2026-07-31,1165,1년 초과
연도 범위 제외,2026년 발간 리포트만 분석,SK증권,산업,2023-05-23,배터리 패러다임의 변화 (feat. IT 탐방왕이 바라본 2차전지),inbox,SK증권_전자장비와기기_배터리 패러다임의 변화 (feat. IT 탐방왕이 바라본 2차전지)_20230523.pdf,2023-05-23_SK증권_산업,50,142,시장·회사,EV,,글로벌|북미|유럽|중국|한국,출하량|수요|침투율|성장률|캐파,%|GWH,수주·계약,13,,,2026-07-31,1165,1년 초과
연도 범위 제외,2026년 발간 리포트만 분석,SK증권,산업,2023-05-23,배터리 패러다임의 변화 (feat. IT 탐방왕이 바라본 2차전지),inbox,SK증권_전자장비와기기_배터리 패러다임의 변화 (feat. IT 탐방왕이 바라본 2차전지)_20230523.pdf,2023-05-23_SK증권_산업,56,142,시장·회사,EV|ESS,,글로벌|북미|유럽|중국,출하량|수요|점유율|성장률|YoY,%|GWH,,13,,,2026-07-31,1165,1년 초과
연도 범위 제외,2026년 발간 리포트만 분석,SK증권,산업,2023-05-23,배터리 패러다임의 변화 (feat. IT 탐방왕이 바라본 2차전지),inbox,SK증권_전자장비와기기_배터리 패러다임의 변화 (feat. IT 탐방왕이 바라본 2차전지)_20230523.pdf,2023-05-23_SK증권_산업,61,142,시장·회사,EV|ESS,,글로벌|미국|유럽|중국|한국,출하량|수요|용량|침투율|캐파,%|GWH,수주·계약,14,,,2026-07-31,1165,1년 초과
연도 범위 제외,2026년 발간 리포트만 분석,SK증권,산업,2023-05-23,배터리 패러다임의 변화 (feat. IT 탐방왕이 바라본 2차전지),inbox,SK증권_전자장비와기기_배터리 패러다임의 변화 (feat. IT 탐방왕이 바라본 2차전지)_20230523.pdf,2023-05-23_SK증권_산업,69,142,시장·회사,EV|ESS,,글로벌|미국|중국,생산능력|수요|YoY|CAPA,%|GWH,,14,,,2026-07-31,1165,1년 초과
연도 범위 제외,2026년 발간 리포트만 분석,SK증권,산업,2025-11-24,[2026년 연간전망] ESS 배터리의 빛과 그림자,inbox,SK증권_전자제품_[2026년 연간전망] ESS 배터리의 빛과 그림자_20251124.pdf,2025-11-24_SK증권_산업,2,25,시장,EV|ESS,데이터센터,글로벌|북미|미국|유럽|중국|한국,출하량|수요|점유율,%|GWH,,12,,,2026-07-31,249,최근 1년
연도 범위 제외,2026년 발간 리포트만 분석,SK증권,산업,2025-11-24,[2026년 연간전망] ESS 배터리의 빛과 그림자,inbox,SK증권_전자제품_[2026년 연간전망] ESS 배터리의 빛과 그림자_20251124.pdf,2025-11-24_SK증권_산업,8,25,시장,EV|ESS,,글로벌|북미|미국|유럽|중국|한국,출하량|수요|점유율|성장률|YoY,%|대,,13,,,2026-07-31,249,최근 1년
연도 범위 제외,2026년 발간 리포트만 분석,SK증권,산업,2025-11-24,[2026년 연간전망] ESS 배터리의 빛과 그림자,inbox,SK증권_전자제품_[2026년 연간전망] ESS 배터리의 빛과 그림자_20251124.pdf,2025-11-24_SK증권_산업,16,25,시장·회사,EV|ESS,,북미|한국,수요|캐파,%|GWH,,13,,,2026-07-31,249,최근 1년
연도 범위 제외,2026년 발간 리포트만 분석,iM증권,산업,2025-07-25,미국 ESS 산업 구조 변화의 시작(한국 배터리 산업의 제2의 서막),inbox,iM증권_전자장비와기기_미국 ESS 산업 구조 변화의 시작(한국 배터리 산업의 제2의 서막)_20250725.pdf,2025-07-25_iM증권_산업,4,20,시장,EV|ESS,데이터센터,북미|미국|유럽|중국|한국,수요|용량,GWH,,13,,,2026-07-31,371,1년 초과
연도 범위 제외,2026년 발간 리포트만 분석,iM증권,산업,2025-07-25,미국 ESS 산업 구조 변화의 시작(한국 배터리 산업의 제2의 서막),inbox,iM증권_전자장비와기기_미국 ESS 산업 구조 변화의 시작(한국 배터리 산업의 제2의 서막)_20250725.pdf,2025-07-25_iM증권_산업,5,20,시장·회사,ESS,,미국|중국|한국,출하량|용량|점유율,%|GWH,,13,,,2026-07-31,371,1년 초과
연도 범위 제외,2026년 발간 리포트만 분석,iM증권,산업,2025-07-25,미국 ESS 산업 구조 변화의 시작(한국 배터리 산업의 제2의 서막),inbox,iM증권_전자장비와기기_미국 ESS 산업 구조 변화의 시작(한국 배터리 산업의 제2의 서막)_20250725.pdf,2025-07-25_iM증권_산업,15,20,시장·회사,EV|ESS,상업·산업용(C&I),북미|미국|한국,판매량|수요|침투율,GWH,수주·계약,13,,,2026-07-31,371,1년 초과
연도 범위 제외,2026년 발간 리포트만 분석,다올투자증권,산업,2025-11-19,AI가 쏘아올린 ESS 시장의 개화와 한국의 배터리,inbox,다올투자증권_전자장비와기기_AI가 쏘아올린 ESS 시장의 개화와 한국의 배터리_20251119.pdf,2025-11-19_다올투자증권_산업,3,45,시장,EV|ESS,데이터센터,미국|유럽|중국|한국,수요|용량,%|GW|GWH,,14,,,2026-07-31,254,최근 1년
연도 범위 제외,2026년 발간 리포트만 분석,다올투자증권,산업,2025-11-19,AI가 쏘아올린 ESS 시장의 개화와 한국의 배터리,inbox,다올투자증권_전자장비와기기_AI가 쏘아올린 ESS 시장의 개화와 한국의 배터리_20251119.pdf,2025-11-19_다올투자증권_산업,4,45,시장·회사,ESS,데이터센터,미국|유럽,생산량|수요|용량,%|GW|GWH|MWH|TWH,,14,,,2026-07-31,254,최근 1년
연도 범위 제외,2026년 발간 리포트만 분석,다올투자증권,산업,2025-11-19,AI가 쏘아올린 ESS 시장의 개화와 한국의 배터리,inbox,다올투자증권_전자장비와기기_AI가 쏘아올린 ESS 시장의 개화와 한국의 배터리_20251119.pdf,2025-11-19_다올투자증권_산업,7,45,시장,ESS,데이터센터,미국|한국,수요|용량,%|GW|TWH,,12,,,2026-07-31,254,최근 1년
연도 범위 제외,2026년 발간 리포트만 분석,다올투자증권,산업,2025-11-19,AI가 쏘아올린 ESS 시장의 개화와 한국의 배터리,inbox,다올투자증권_전자장비와기기_AI가 쏘아올린 ESS 시장의 개화와 한국의 배터리_20251119.pdf,2025-11-19_다올투자증권_산업,11,45,시장·회사,ESS,데이터센터|Grid/Utility,글로벌|미국|유럽,생산능력|설치량|수요,%|GWH|MWH|TWH|대,수주·계약,14,,,2026-07-31,254,최근 1년
연도 범위 제외,2026년 발간 리포트만 분석,다올투자증권,산업,2025-11-19,AI가 쏘아올린 ESS 시장의 개화와 한국의 배터리,inbox,다올투자증권_전자장비와기기_AI가 쏘아올린 ESS 시장의 개화와 한국의 배터리_20251119.pdf,2025-11-19_다올투자증권_산업,17,45,시장·회사,EV|ESS,,미국|중국|한국,생산능력|수요|용량,%|GWH|만대,,13,,,2026-07-31,254,최근 1년
연도 범위 제외,2026년 발간 리포트만 분석,다올투자증권,산업,2025-11-19,AI가 쏘아올린 ESS 시장의 개화와 한국의 배터리,inbox,다올투자증권_전자장비와기기_AI가 쏘아올린 ESS 시장의 개화와 한국의 배터리_20251119.pdf,2025-11-19_다올투자증권_산업,25,45,시장·회사,EV|ESS,,글로벌|미국|유럽|중국,판매량|생산능력|수요,%|GWH|대,,14,,,2026-07-31,254,최근 1년
연도 범위 제외,2026년 발간 리포트만 분석,다올투자증권,산업,2025-11-19,AI가 쏘아올린 ESS 시장의 개화와 한국의 배터리,inbox,다올투자증권_전자장비와기기_AI가 쏘아올린 ESS 시장의 개화와 한국의 배터리_20251119.pdf,2025-11-19_다올투자증권_산업,30,45,시장·회사,EV|ESS,,미국,생산능력|YoY,%|GWH,,13,,,2026-07-31,254,최근 1년
연도 범위 제외,2026년 발간 리포트만 분석,대신증권,산업,2023-07-06,K배터리 목표시총 400조,inbox,대신증권_전자장비와기기_K배터리 목표시총 400조_20230706.pdf,2023-07-06_대신증권_산업,25,120,시장·회사,EV,,북미,판매량|수요|침투율,%|GWH|만대,수주·계약,13,,,2026-07-31,1121,1년 초과
연도 범위 제외,2026년 발간 리포트만 분석,대신증권,산업,2023-07-06,K배터리 목표시총 400조,inbox,대신증권_전자장비와기기_K배터리 목표시총 400조_20230706.pdf,2023-07-06_대신증권_산업,26,120,시장·회사,EV,,글로벌|북미|미국,수요|sales,%|GWH,수주·계약,13,,,2026-07-31,1121,1년 초과
연도 범위 제외,2026년 발간 리포트만 분석,대신증권,산업,2023-07-06,K배터리 목표시총 400조,inbox,대신증권_전자장비와기기_K배터리 목표시총 400조_20230706.pdf,2023-07-06_대신증권_산업,29,120,시장·회사,EV,,북미,판매량|수요|점유율,%|GWH,,13,,,2026-07-31,1121,1년 초과
연도 범위 제외,2026년 발간 리포트만 분석,대신증권,산업,2023-07-06,K배터리 목표시총 400조,inbox,대신증권_전자장비와기기_K배터리 목표시총 400조_20230706.pdf,2023-07-06_대신증권_산업,43,120,시장·회사,EV,,북미|미국|유럽|중국|한국,점유율|캐파,%|GWH,,13,,,2026-07-31,1121,1년 초과
연도 범위 제외,2026년 발간 리포트만 분석,대신증권,산업,2023-07-06,K배터리 목표시총 400조,inbox,대신증권_전자장비와기기_K배터리 목표시총 400조_20230706.pdf,2023-07-06_대신증권_산업,44,120,시장·회사,EV,,글로벌|북미|한국,수요|점유율|캐파,%|GWH,,13,,,2026-07-31,1121,1년 초과
연도 범위 제외,2026년 발간 리포트만 분석,대신증권,산업,2023-07-06,K배터리 목표시총 400조,inbox,대신증권_전자장비와기기_K배터리 목표시총 400조_20230706.pdf,2023-07-06_대신증권_산업,58,120,시장·회사,EV|ESS,,글로벌|북미|미국|유럽|중국|한국,판매량|출하량|침투율|YoY|캐파,%|GWH,수주·계약,13,,,2026-07-31,1121,1년 초과
연도 범위 제외,2026년 발간 리포트만 분석,대신증권,산업,2023-07-06,K배터리 목표시총 400조,inbox,대신증권_전자장비와기기_K배터리 목표시총 400조_20230706.pdf,2023-07-06_대신증권_산업,65,120,시장·회사,EV,,글로벌|미국|유럽|중국|한국,판매량|출하량|침투율|YoY|캐파,%|GWH,수주·계약,13,,,2026-07-31,1121,1년 초과
연도 범위 제외,2026년 발간 리포트만 분석,대신증권,산업,2023-07-06,K배터리 목표시총 400조,inbox,대신증권_전자장비와기기_K배터리 목표시총 400조_20230706.pdf,2023-07-06_대신증권_산업,83,120,시장·회사,EV|ESS,,글로벌|미국|유럽|중국,판매량|출하량|침투율|YoY|캐파,%|GWH,수주·계약,13,,,2026-07-31,1121,1년 초과
연도 범위 제외,2026년 발간 리포트만 분석,삼성증권,산업,2025-03-21,"Beyond Chasm 로봇의 심장, 배터리",inbox,"삼성증권_자동차_Beyond Chasm 로봇의 심장, 배터리_20250321.pdf",2025-03-21_삼성증권_산업,2,79,시장,EV,데이터센터,글로벌|미국|중국|한국,수요|용량,%|GWH|만대,,14,,,2026-07-31,497,1년 초과
연도 범위 제외,2026년 발간 리포트만 분석,삼성증권,산업,2025-03-21,"Beyond Chasm 로봇의 심장, 배터리",inbox,"삼성증권_자동차_Beyond Chasm 로봇의 심장, 배터리_20250321.pdf",2025-03-21_삼성증권_산업,33,79,시장·회사,EV,,글로벌|미국|중국,판매량|생산능력,%|GWH,수주·계약,13,,,2026-07-31,497,1년 초과
연도 범위 제외,2026년 발간 리포트만 분석,삼성증권,산업,2025-03-21,"Beyond Chasm 로봇의 심장, 배터리",inbox,"삼성증권_자동차_Beyond Chasm 로봇의 심장, 배터리_20250321.pdf",2025-03-21_삼성증권_산업,34,79,시장·회사,EV|ESS,,북미|미국|유럽|중국|한국,판매량|수요|성장률,%|GWH,수주·계약,13,,,2026-07-31,497,1년 초과
연도 범위 제외,2026년 발간 리포트만 분석,삼성증권,산업,2025-03-21,"Beyond Chasm 로봇의 심장, 배터리",inbox,"삼성증권_자동차_Beyond Chasm 로봇의 심장, 배터리_20250321.pdf",2025-03-21_삼성증권_산업,44,79,시장,ESS,,한국,수요|캐파,%,,13,,,2026-07-31,497,1년 초과
연도 범위 제외,2026년 발간 리포트만 분석,삼성증권,산업,2025-10-23,2차전지 산업 분석 11편 - AI 데이터센터와 배터리,inbox,삼성증권_전자장비와기기_2차전지 산업 분석 11편 - AI 데이터센터와 배터리_20251023.pdf,2025-10-23_삼성증권_산업,4,39,시장,EV|ESS,데이터센터|Grid/Utility|UPS,북미|미국|한국,출하량|수요|용량|성장률|캐파,%|GWH,,12,,,2026-07-31,281,최근 1년
연도 범위 제외,2026년 발간 리포트만 분석,삼성증권,산업,2025-10-23,2차전지 산업 분석 11편 - AI 데이터센터와 배터리,inbox,삼성증권_전자장비와기기_2차전지 산업 분석 11편 - AI 데이터센터와 배터리_20251023.pdf,2025-10-23_삼성증권_산업,14,39,시장,ESS,데이터센터|Grid/Utility|UPS,한국,수요|용량,%|GW|MW|MWH,,14,,,2026-07-31,281,최근 1년
연도 범위 제외,2026년 발간 리포트만 분석,삼성증권,산업,2025-10-23,2차전지 산업 분석 11편 - AI 데이터센터와 배터리,inbox,삼성증권_전자장비와기기_2차전지 산업 분석 11편 - AI 데이터센터와 배터리_20251023.pdf,2025-10-23_삼성증권_산업,18,39,시장·회사,EV|ESS,데이터센터|Grid/Utility|상업·산업용(C&I)|UPS,북미|미국|중국|한국,수요|용량|캐파,%|GWH|MWH,,15,,,2026-07-31,281,최근 1년
연도 범위 제외,2026년 발간 리포트만 분석,삼성증권,산업,2025-10-23,2차전지 산업 분석 11편 - AI 데이터센터와 배터리,inbox,삼성증권_전자장비와기기_2차전지 산업 분석 11편 - AI 데이터센터와 배터리_20251023.pdf,2025-10-23_삼성증권_산업,22,39,시장·회사,EV|ESS,,미국,판매량|수요,%|GWH,,13,,,2026-07-31,281,최근 1년
연도 범위 제외,2026년 발간 리포트만 분석,삼성증권,산업,2025-10-23,2차전지 산업 분석 11편 - AI 데이터센터와 배터리,inbox,삼성증권_전자장비와기기_2차전지 산업 분석 11편 - AI 데이터센터와 배터리_20251023.pdf,2025-10-23_삼성증권_산업,30,39,시장,ESS,,한국,수요|캐파,%,,13,,,2026-07-31,281,최근 1년
연도 범위 제외,2026년 발간 리포트만 분석,삼성증권,산업,2025-10-23,2차전지 산업 분석 11편 - AI 데이터센터와 배터리,inbox,삼성증권_전자장비와기기_2차전지 산업 분석 11편 - AI 데이터센터와 배터리_20251023.pdf,2025-10-23_삼성증권_산업,34,39,시장·회사,EV|ESS,,글로벌|북미|한국,수요|용량|캐파,%|GWH,,14,,,2026-07-31,281,최근 1년
연도 범위 제외,2026년 발간 리포트만 분석,상상인증권,산업,2024-10-21,2025년 연간 전망 완성차와 배터리에 기대할 수 있는 것,inbox,상상인증권_자동차_2025년 연간 전망 완성차와 배터리에 기대할 수 있는 것_20241021.pdf,2024-10-21_상상인증권_산업,24,74,시장,EV,,글로벌|북미|유럽|중국,판매대수|성장률|YoY,%,,13,,,2026-07-31,648,1년 초과
연도 범위 제외,2026년 발간 리포트만 분석,상상인증권,산업,2024-10-21,2025년 연간 전망 완성차와 배터리에 기대할 수 있는 것,inbox,상상인증권_자동차_2025년 연간 전망 완성차와 배터리에 기대할 수 있는 것_20241021.pdf,2024-10-21_상상인증권_산업,62,74,시장,EV|ESS,,북미|유럽,판매대수|성장률|YoY,%|GWH,,14,,,2026-07-31,648,1년 초과
연도 범위 제외,2026년 발간 리포트만 분석,상상인증권,산업,2024-10-21,2025년 연간 전망 완성차와 배터리에 기대할 수 있는 것,inbox,상상인증권_자동차_2025년 연간 전망 완성차와 배터리에 기대할 수 있는 것_20241021.pdf,2024-10-21_상상인증권_산업,64,74,시장,EV,,중국,판매대수|YoY,%|만대,,13,,,2026-07-31,648,1년 초과
연도 범위 제외,2026년 발간 리포트만 분석,상상인증권,산업,2024-10-21,2025년 연간 전망 완성차와 배터리에 기대할 수 있는 것,inbox,상상인증권_자동차_2025년 연간 전망 완성차와 배터리에 기대할 수 있는 것_20241021.pdf,2024-10-21_상상인증권_산업,65,74,시장,EV,,글로벌|북미|유럽|중국,판매대수|성장률|YoY,%,,13,,,2026-07-31,648,1년 초과
연도 범위 제외,2026년 발간 리포트만 분석,상상인증권,산업,2024-10-21,2025년 연간 전망 완성차와 배터리에 기대할 수 있는 것,inbox,상상인증권_자동차_2025년 연간 전망 완성차와 배터리에 기대할 수 있는 것_20241021.pdf,2024-10-21_상상인증권_산업,69,74,시장,EV,,유럽|중국,판매량|YoY,%,,13,,,2026-07-31,648,1년 초과
연도 범위 제외,2026년 발간 리포트만 분석,유안타증권,산업,2025-04-02,파고들다 II. 46시리즈와 전고체 배터리,inbox,유안타증권_전자장비와기기_파고들다 II. 46시리즈와 전고체 배터리_20250402.pdf,2025-04-02_유안타증권_산업,41,60,시장·회사,EV,,글로벌,생산능력|용량,GWH,,13,,,2026-07-31,485,1년 초과
연도 범위 제외,2026년 발간 리포트만 분석,유진투자증권,산업,2023-11-21,배터리 2024 OUTLOOK TREND SETTER,inbox,유진투자증권_전자장비와기기_배터리 2024 OUTLOOK TREND SETTER_20231121.pdf,2023-11-21_유진투자증권_산업,59,71,시장·회사,EV|ESS,상업·산업용(C&I),북미|미국|유럽|중국|한국,CAPA,%|GWH|만대,,14,,,2026-07-31,983,1년 초과
연도 범위 제외,2026년 발간 리포트만 분석,유진투자증권,산업,2023-11-21,배터리 2024 OUTLOOK TREND SETTER,inbox,유진투자증권_전자장비와기기_배터리 2024 OUTLOOK TREND SETTER_20231121.pdf,2023-11-21_유진투자증권_산업,62,71,시장·회사,EV,,중국|한국,생산량|YoY,%|GWH,수주·계약,13,,,2026-07-31,983,1년 초과
연도 범위 제외,2026년 발간 리포트만 분석,유진투자증권,산업,2025-11-24,2026 연간전망 2026년 희망의 K배터리 밸류체인,inbox,유진투자증권_전자장비와기기_2026 연간전망 2026년 희망의 K배터리 밸류체인_20251124.pdf,2025-11-24_유진투자증권_산업,3,73,시장,EV|ESS,BESS,미국|유럽|중국,설치량|수요|침투율,%|GWH,,12,,,2026-07-31,249,최근 1년
연도 범위 제외,2026년 발간 리포트만 분석,유진투자증권,산업,2025-11-24,2026 연간전망 2026년 희망의 K배터리 밸류체인,inbox,유진투자증권_전자장비와기기_2026 연간전망 2026년 희망의 K배터리 밸류체인_20251124.pdf,2025-11-24_유진투자증권_산업,13,73,시장,ESS,데이터센터|BESS,글로벌|미국|중국,수요|용량|capacity,%|GW|MW,,12,,,2026-07-31,249,최근 1년
연도 범위 제외,2026년 발간 리포트만 분석,하나증권,산업,2025-05-16,배터리 징비록,inbox,하나증권_전자장비와기기_배터리 징비록_20250516.pdf,2025-05-16_하나증권_산업,15,57,시장,EV,,글로벌|미국|유럽,판매대수|생산능력|수요,%|만대,,13,,,2026-07-31,441,1년 초과
연도 범위 제외,2026년 발간 리포트만 분석,하나증권,산업,2025-05-16,배터리 징비록,inbox,하나증권_전자장비와기기_배터리 징비록_20250516.pdf,2025-05-16_하나증권_산업,35,57,시장,EV,,글로벌|미국|유럽|중국|한국,수요|침투율|점유율,%|GWH,,13,,,2026-07-31,441,1년 초과
연도 범위 제외,2026년 발간 리포트만 분석,하나증권,산업,2025-05-16,배터리 징비록,inbox,하나증권_전자장비와기기_배터리 징비록_20250516.pdf,2025-05-16_하나증권_산업,39,57,시장,EV,,글로벌|미국|유럽|중국|한국,수요|침투율|점유율,%|GWH,,13,,,2026-07-31,441,1년 초과
연도 범위 제외,2026년 발간 리포트만 분석,흥국증권,산업,2025-02-03,2025년 미리보기 전열 재정비(ft.4680 배터리 로드맵),inbox,흥국증권_전자장비와기기_2025년 미리보기 전열 재정비(ft.4680 배터리 로드맵)_20250203.pdf,2025-02-03_흥국증권_산업,6,46,시장·회사,EV|ESS,,글로벌|북미|유럽|중국,YoY|CAPA,%|GWH,,14,,,2026-07-31,543,1년 초과
연도 범위 제외,2026년 발간 리포트만 분석,흥국증권,산업,2025-02-03,2025년 미리보기 전열 재정비(ft.4680 배터리 로드맵),inbox,흥국증권_전자장비와기기_2025년 미리보기 전열 재정비(ft.4680 배터리 로드맵)_20250203.pdf,2025-02-03_흥국증권_산업,8,46,시장·회사,ESS,,북미|미국,판매량|수요,GWH,,13,,,2026-07-31,543,1년 초과
연도 범위 제외,2026년 발간 리포트만 분석,흥국증권,산업,2025-02-03,2025년 미리보기 전열 재정비(ft.4680 배터리 로드맵),inbox,흥국증권_전자장비와기기_2025년 미리보기 전열 재정비(ft.4680 배터리 로드맵)_20250203.pdf,2025-02-03_흥국증권_산업,9,46,시장·회사,EV|ESS,,글로벌|북미|유럽|중국,수요|YoY|CAPA,%|GWH,,14,,,2026-07-31,543,1년 초과
연도 범위 제외,2026년 발간 리포트만 분석,흥국증권,산업,2025-02-03,2025년 미리보기 전열 재정비(ft.4680 배터리 로드맵),inbox,흥국증권_전자장비와기기_2025년 미리보기 전열 재정비(ft.4680 배터리 로드맵)_20250203.pdf,2025-02-03_흥국증권_산업,11,46,시장·회사,EV|ESS,,미국,판매량|수요|CAPA,GWH,수주·계약,13,,,2026-07-31,543,1년 초과
연도 범위 제외,2026년 발간 리포트만 분석,흥국증권,산업,2025-02-03,2025년 미리보기 전열 재정비(ft.4680 배터리 로드맵),inbox,흥국증권_전자장비와기기_2025년 미리보기 전열 재정비(ft.4680 배터리 로드맵)_20250203.pdf,2025-02-03_흥국증권_산업,27,46,시장·회사,EV|ESS,데이터센터,글로벌|북미|미국|유럽|중국,수요|용량|YoY|CAPA,%|GWH,,15,,,2026-07-31,543,1년 초과
연도 범위 제외,2026년 발간 리포트만 분석,흥국증권,산업,2025-02-03,2025년 미리보기 전열 재정비(ft.4680 배터리 로드맵),inbox,흥국증권_전자장비와기기_2025년 미리보기 전열 재정비(ft.4680 배터리 로드맵)_20250203.pdf,2025-02-03_흥국증권_산업,30,46,시장·회사,ESS,,,판매량|YoY|CAPA,%|GWH,,13,,,2026-07-31,543,1년 초과
연도 범위 제외,2026년 발간 리포트만 분석,흥국증권,산업,2025-02-03,2025년 미리보기 전열 재정비(ft.4680 배터리 로드맵),inbox,흥국증권_전자장비와기기_2025년 미리보기 전열 재정비(ft.4680 배터리 로드맵)_20250203.pdf,2025-02-03_흥국증권_산업,33,46,시장,EV|ESS,데이터센터|UPS,북미|미국|유럽|중국,수요|YoY|캐파,%,수주·계약,14,,,2026-07-31,543,1년 초과
연도 범위 제외,2026년 발간 리포트만 분석,흥국증권,산업,2025-02-03,2025년 미리보기 전열 재정비(ft.4680 배터리 로드맵),inbox,흥국증권_전자장비와기기_2025년 미리보기 전열 재정비(ft.4680 배터리 로드맵)_20250203.pdf,2025-02-03_흥국증권_산업,34,46,시장,EV|ESS,,미국|유럽,수요|용량|CAPA,%,수주·계약,13,,,2026-07-31,543,1년 초과
